-- phpMyAdmin SQL Dump
-- version 3.3.2deb1ubuntu1
-- http://www.phpmyadmin.net
--
-- Host: localhost
-- Generato il: 17 giu, 2013 at 04:57 PM
-- Versione MySQL: 5.1.69
-- Versione PHP: 5.3.2-1ubuntu4.19

SET SQL_MODE="NO_AUTO_VALUE_ON_ZERO";


/*!40101 SET @OLD_CHARACTER_SET_CLIENT=@@CHARACTER_SET_CLIENT */;
/*!40101 SET @OLD_CHARACTER_SET_RESULTS=@@CHARACTER_SET_RESULTS */;
/*!40101 SET @OLD_COLLATION_CONNECTION=@@COLLATION_CONNECTION */;
/*!40101 SET NAMES utf8 */;

--
-- Database: `aruzzant-PR`
--

-- --------------------------------------------------------

--
-- Struttura della tabella `Apparecchiature`
--

CREATE TABLE IF NOT EXISTS `Apparecchiature` (
  `serialeApparecchiatura` varchar(50) COLLATE latin1_general_ci NOT NULL,
  `Marca` varchar(50) COLLATE latin1_general_ci DEFAULT NULL,
  `Modello` varchar(50) COLLATE latin1_general_ci DEFAULT NULL,
  `Codice` varchar(50) COLLATE latin1_general_ci DEFAULT NULL,
  `Civab` varchar(5) COLLATE latin1_general_ci NOT NULL,
  PRIMARY KEY (`serialeApparecchiatura`),
  KEY `Civab` (`Civab`)
) ENGINE=InnoDB DEFAULT CHARSET=latin1 COLLATE=latin1_general_ci;

--
-- Dump dei dati per la tabella `Apparecchiature`
--

INSERT INTO `Apparecchiature` (`serialeApparecchiatura`, `Marca`, `Modello`, `Codice`, `Civab`) VALUES
('0123456ORTD', 'Audiometric', '125CC', 'AHS220', 'CAA'),
('012RW-3009CR', 'Satelec', '209', 'AHS006', 'ATA'),
('02.1001', 'MPM', 'M408-BM', 'AHS095', 'BTE'),
('03018B', 'Shen Ion', 'SDZ III', 'EC601-1-BF', 'SAP'),
('111AFTR-122-09876', 'Sanilab', 'HEPAFILTER 170 ', 'AHS433', 'CBI'),
('123-99875TRB-012', 'BEL Engineering', 'TNC120', 'AHS0102', 'BTL'),
('146-3796-203', 'Quiromed', 'Ri-Vision', '5I3-KS', 'RTS'),
('151OD-EL', 'Chinesport', 'EL0151', 'COL-359G', 'MAT'),
('1715139', 'M&T', 'USCP104', 'AHS0122', 'BUL'),
('218032ZW', 'Orla', 'Podoline P24', '3C03I-9U7', 'PDS'),
('235-1FLE', 'Philips', 'Bm3', 'O4VC-AC99', 'MTV'),
('2HGW2-R5', 'Olsa', 'Upe 5', '12M-G12', 'SES'),
('334MBPN009', 'Tanita', 'BD 590 ', 'AHS091', 'BPN'),
('4FXC-35', 'CSO', 'JVL 1', '34SD-D2Y', 'OFM'),
('500R426', 'Flowtron', 'Hydroven 3', 'ECS-X704', 'PTP'),
('764GF8B5C8EV7WC7', 'Promedica', 'S1 Centrel', 'AHS666', 'CPS'),
('7SMV-D', 'NEIEN', 'LT15', 'V342GEN', 'TVC'),
('87HBS-S4', 'Ates', 'EBI-20-T1', 'OAQ3V-D3', 'RHP'),
('A-HEPA701', 'Arti Glass', 'HEPA 701', 'AHS123', 'CIR'),
('A324-24V36', 'Welch Allyn', 'Atlas', 'FOG49-87HBG', 'MON'),
('ASDGF-HT53122', 'Meda', 'MD-480A', 'AHS448', 'FAC'),
('BDGSWI45625', 'Eppendorf', 'S41I', 'AHS23465', 'INC'),
('BFDW.1234-54', 'Olympus', 'EXERA II CLV - 190', 'AHS6328', 'FLU'),
('BFG3URYIWWEITUR', 'Heine', 'Delta 20', 'AHS333', 'DAC'),
('BHUEU4ER7T7E', 'Sartorius', 'Spincontrol', 'AHS1234', 'CRE'),
('BR-10031', 'Maquet', '1150.16 ', '193PQ', 'TOP'),
('C-5G0P', 'Siem Nova', 'MS-Siem', '20002-RT', 'MST'),
('CDJEWUU246731-12', 'Medtronic', 'HMS PLUS', 'AHS657', 'DIC'),
('CFG00567685678-34', 'Kern', 'AZ612', 'AHS056', 'BAE'),
('CGGUGHE262-84', 'Radarmed', '2500CP', 'AHS076', 'DMO'),
('CSAV.12425-13', 'Esaote', 'P80', 'AHS100', 'ECG'),
('CSHJBFWJE45UI', 'Mindray', 'DC-8', 'AHS452', 'ECT'),
('CYTT-99235653-WER', 'Fisiotre', 'Hori', 'AHS445', 'CEM'),
('D38C44N94', 'Monoyer', 'Opto-3R', '2REH-3G', 'OPM'),
('DB3-2462454-3456', 'Drager', '4000', 'AHS234', 'FOT'),
('DBHDIQ13576RY-246', 'Orla', '01.000P', 'AHS334', 'DIA'),
('DBVGFRHJWKQ4Y3U', 'Bowa', 'Arc300', 'AHS7987', 'ELB'),
('DF74RK', 'Takagi', 'Om18', 'FI3JF-XKQ54', 'MOL'),
('DFG234566-234TFD', 'Olympus', 'RIGID HD', 'AHS776', 'FAS'),
('ER0K-0104', 'Nellcor', 'N-180', '35C-93T4', 'OOR'),
('FDHAJ-245867TG3', 'Erbe', 'EIP 2', 'AHS235', 'IRR'),
('FHGDS74.132456', 'LID', 'TINA', 'AHS34551', 'LAI'),
('FVB-234-52473', 'Stryker', 'PneumoSure 45L', 'AHS64628', 'IGA'),
('HTRE3456R-1345', 'Vision', 'VS-1302MMR3', 'AHS2345', 'FBI'),
('JCBAU8284812-135', 'Molinari Elettromedicali', 'DG 151', 'AHS652', 'DUL'),
('JDBVA-79876-12', 'Eppendorf', 'Eporator', 'AHS174', 'EAH'),
('JF7R7GTHVYTR7', 'C.B.S.C.S.', 'S3000-AB', 'AHS888', 'CLA'),
('M11-16B', 'Sony', 'UP-960CE', '35C-4P', 'RCA'),
('MBR-705GR', 'Panasonic', '622L', 'AHS239', 'FRE'),
('MEB-9400K', 'Nihon Kohden', 'Neuropack S1', 'AHS454', 'EMG'),
('MNBD94992834RB', 'Medtronic', 'Cryoconsole', 'AHS345', 'CRC'),
('PD2157', 'A.R.C Laser', 'PC5L', 'KR2305-S34', 'LFE'),
('QWOP-356', 'Richard Wolf', 'Power Plus', '2307-CTH', 'MRC'),
('REQ-1C4R', 'Apoza', 'Ozona', 'P14S5-34', 'OZO'),
('RL4Y-20C', 'Rodenstock', 'PRO 500', 'LQ-5236', 'RIU'),
('RS422', 'Applitec', 'EMF-200', 'Ol123', 'STE'),
('RT3-899113', 'Smiths Medical', 'Graseby 2000', 'AWQ932', 'PSI'),
('SGDHTRE56789', 'Nihon Kohden', 'Neurofax EEG-1200', 'AHS2372', 'EEG'),
('TPTCS-012338901WR', 'Tyoptics', 'APS-6000', 'AHS028', 'AVP'),
('VI970900', 'Meder', '1960', 'CO934H45', 'LPE'),
('VNAP-0001', 'Microdin', 'Monoposto', 'AHS002', 'AER'),
('VNAP-0012', 'Hospitex', 'C-60', 'AHS098', 'CEN'),
('VNAP-0014', 'Faset', '206', 'AHS001', 'ACH'),
('VNAP-0017', 'HP', 'Codemaster XL', 'AHS675', 'DEF'),
('VNAP-0019', 'Siemens', 'SV900C', 'ULSS9823', 'VPO'),
('VNAP-0024', 'Gandus', 'Minirò', 'H.8QR.12', 'TMS'),
('VNAP-0082', 'Sonogage', 'Corneogage Plus	 ', '2DT24-73Q', 'PAH'),
('VNAP-0096', 'Stryker', '941', 'ULSS8345', 'SAI'),
('VNAP-0160', 'Schiller', 'BR 102+', '4GDE-T90', 'RHO'),
('VNAP-0177', 'Pentax', 'EC-3885K', 'AHS777', 'CLS'),
('VNEN-0051', 'Dr.Mach', 'M2F', '45CGH-3TGB', 'LSC'),
('VNRD-0081', 'Draeger', 'Spirolab 2', 'URX43-23', 'SPM'),
('VNRD-0189', 'Draeger', 'Evita 4', '4-079022-SP', 'RSA'),
('VNRD-0355', 'Ambit', 'Digipump AB88X', '254E-S52F', 'PIN'),
('VNRV-3222', 'Alphamix', '3000', 'AHS005', 'AMA'),
('VNRV-3280', 'D4D', 'E4D', '82Z4-R631', 'RDE'),
('VNRV-3480', 'Intercontinental', 'AgitatorPlus', 'AHS003', 'ALA'),
('VNRV-4119', 'Clavia', 'Clean2000', 'AHS021', 'AUT'),
('VNRV-4123', 'Krugg', 'WhiteNow', 'AHS004', 'ALF'),
('X-02.88.049', 'Heine', 'Beta 200', 'EFF99-15490', 'OFS'),
('Z1190', 'Panasonic', 'RCT699H', '4.02.01', 'VIR');

-- --------------------------------------------------------

--
-- Struttura della tabella `CompatibileCon`
--

CREATE TABLE IF NOT EXISTS `CompatibileCon` (
  `idTest` int(11) NOT NULL DEFAULT '0',
  `Civab` varchar(5) COLLATE latin1_general_ci NOT NULL DEFAULT '',
  PRIMARY KEY (`idTest`,`Civab`),
  KEY `Civab` (`Civab`)
) ENGINE=InnoDB DEFAULT CHARSET=latin1 COLLATE=latin1_general_ci;

--
-- Dump dei dati per la tabella `CompatibileCon`
--

INSERT INTO `CompatibileCon` (`idTest`, `Civab`) VALUES
(1, 'ACH'),
(2, 'ACH'),
(5, 'ACH'),
(6, 'ACH'),
(7, 'ACH'),
(8, 'ACH'),
(9, 'ACH'),
(10, 'ACH'),
(11, 'ACH'),
(12, 'ACH'),
(26, 'ACH'),
(28, 'ACH'),
(29, 'ACH'),
(30, 'ACH'),
(38, 'ACH'),
(39, 'ACH'),
(40, 'ACH'),
(41, 'ACH'),
(42, 'ACH'),
(43, 'ACH'),
(1, 'AER'),
(2, 'AER'),
(4, 'AER'),
(5, 'AER'),
(6, 'AER'),
(7, 'AER'),
(8, 'AER'),
(9, 'AER'),
(11, 'AER'),
(12, 'AER'),
(23, 'AER'),
(26, 'AER'),
(28, 'AER'),
(29, 'AER'),
(30, 'AER'),
(1, 'ALA'),
(2, 'ALA'),
(5, 'ALA'),
(6, 'ALA'),
(7, 'ALA'),
(9, 'ALA'),
(10, 'ALA'),
(11, 'ALA'),
(12, 'ALA'),
(26, 'ALA'),
(27, 'ALA'),
(28, 'ALA'),
(29, 'ALA'),
(30, 'ALA'),
(31, 'ALA'),
(32, 'ALA'),
(1, 'ALF'),
(2, 'ALF'),
(3, 'ALF'),
(4, 'ALF'),
(5, 'ALF'),
(6, 'ALF'),
(7, 'ALF'),
(8, 'ALF'),
(9, 'ALF'),
(10, 'ALF'),
(11, 'ALF'),
(12, 'ALF'),
(13, 'ALF'),
(14, 'ALF'),
(15, 'ALF'),
(16, 'ALF'),
(17, 'ALF'),
(18, 'ALF'),
(19, 'ALF'),
(20, 'ALF'),
(21, 'ALF'),
(22, 'ALF'),
(23, 'ALF'),
(24, 'ALF'),
(25, 'ALF'),
(26, 'ALF'),
(27, 'ALF'),
(28, 'ALF'),
(1, 'AMA'),
(2, 'AMA'),
(3, 'AMA'),
(4, 'AMA'),
(5, 'AMA'),
(6, 'AMA'),
(7, 'AMA'),
(8, 'AMA'),
(9, 'AMA'),
(10, 'AMA'),
(11, 'AMA'),
(12, 'AMA'),
(13, 'AMA'),
(14, 'AMA'),
(15, 'AMA'),
(16, 'AMA'),
(17, 'AMA'),
(18, 'AMA'),
(19, 'AMA'),
(20, 'AMA'),
(21, 'AMA'),
(22, 'AMA'),
(23, 'AMA'),
(24, 'AMA'),
(25, 'AMA'),
(26, 'AMA'),
(27, 'AMA'),
(28, 'AMA'),
(1, 'ATA'),
(2, 'ATA'),
(3, 'ATA'),
(4, 'ATA'),
(5, 'ATA'),
(6, 'ATA'),
(7, 'ATA'),
(8, 'ATA'),
(9, 'ATA'),
(10, 'ATA'),
(11, 'ATA'),
(12, 'ATA'),
(13, 'ATA'),
(14, 'ATA'),
(15, 'ATA'),
(16, 'ATA'),
(17, 'ATA'),
(18, 'ATA'),
(19, 'ATA'),
(20, 'ATA'),
(21, 'ATA'),
(22, 'ATA'),
(23, 'ATA'),
(24, 'ATA'),
(25, 'ATA'),
(26, 'ATA'),
(27, 'ATA'),
(28, 'ATA'),
(1, 'AUT'),
(2, 'AUT'),
(3, 'AUT'),
(4, 'AUT'),
(5, 'AUT'),
(6, 'AUT'),
(7, 'AUT'),
(8, 'AUT'),
(9, 'AUT'),
(10, 'AUT'),
(11, 'AUT'),
(12, 'AUT'),
(13, 'AUT'),
(14, 'AUT'),
(15, 'AUT'),
(16, 'AUT'),
(17, 'AUT'),
(18, 'AUT'),
(19, 'AUT'),
(20, 'AUT'),
(21, 'AUT'),
(22, 'AUT'),
(23, 'AUT'),
(24, 'AUT'),
(25, 'AUT'),
(26, 'AUT'),
(27, 'AUT'),
(28, 'AUT'),
(1, 'AVP'),
(2, 'AVP'),
(3, 'AVP'),
(4, 'AVP'),
(5, 'AVP'),
(6, 'AVP'),
(7, 'AVP'),
(8, 'AVP'),
(9, 'AVP'),
(10, 'AVP'),
(11, 'AVP'),
(12, 'AVP'),
(13, 'AVP'),
(14, 'AVP'),
(15, 'AVP'),
(16, 'AVP'),
(17, 'AVP'),
(18, 'AVP'),
(19, 'AVP'),
(20, 'AVP'),
(21, 'AVP'),
(22, 'AVP'),
(23, 'AVP'),
(24, 'AVP'),
(25, 'AVP'),
(26, 'AVP'),
(27, 'AVP'),
(28, 'AVP'),
(1, 'BAE'),
(2, 'BAE'),
(5, 'BAE'),
(6, 'BAE'),
(7, 'BAE'),
(9, 'BAE'),
(10, 'BAE'),
(11, 'BAE'),
(12, 'BAE'),
(26, 'BAE'),
(27, 'BAE'),
(28, 'BAE'),
(29, 'BAE'),
(30, 'BAE'),
(43, 'BAE'),
(47, 'BAE'),
(48, 'BAE'),
(1, 'BPN'),
(2, 'BPN'),
(5, 'BPN'),
(6, 'BPN'),
(7, 'BPN'),
(9, 'BPN'),
(10, 'BPN'),
(11, 'BPN'),
(12, 'BPN'),
(26, 'BPN'),
(27, 'BPN'),
(28, 'BPN'),
(29, 'BPN'),
(30, 'BPN'),
(43, 'BPN'),
(47, 'BPN'),
(48, 'BPN'),
(1, 'BTE'),
(2, 'BTE'),
(5, 'BTE'),
(6, 'BTE'),
(7, 'BTE'),
(11, 'BTE'),
(12, 'BTE'),
(26, 'BTE'),
(27, 'BTE'),
(28, 'BTE'),
(29, 'BTE'),
(30, 'BTE'),
(37, 'BTE'),
(43, 'BTE'),
(44, 'BTE'),
(45, 'BTE'),
(46, 'BTE'),
(1, 'BTL'),
(2, 'BTL'),
(5, 'BTL'),
(6, 'BTL'),
(7, 'BTL'),
(9, 'BTL'),
(10, 'BTL'),
(11, 'BTL'),
(12, 'BTL'),
(26, 'BTL'),
(27, 'BTL'),
(28, 'BTL'),
(29, 'BTL'),
(30, 'BTL'),
(43, 'BTL'),
(47, 'BTL'),
(48, 'BTL'),
(1, 'BUL'),
(2, 'BUL'),
(3, 'BUL'),
(4, 'BUL'),
(5, 'BUL'),
(6, 'BUL'),
(7, 'BUL'),
(8, 'BUL'),
(9, 'BUL'),
(10, 'BUL'),
(11, 'BUL'),
(12, 'BUL'),
(13, 'BUL'),
(14, 'BUL'),
(15, 'BUL'),
(16, 'BUL'),
(17, 'BUL'),
(18, 'BUL'),
(19, 'BUL'),
(20, 'BUL'),
(21, 'BUL'),
(22, 'BUL'),
(23, 'BUL'),
(24, 'BUL'),
(25, 'BUL'),
(26, 'BUL'),
(27, 'BUL'),
(28, 'BUL'),
(1, 'CAA'),
(2, 'CAA'),
(3, 'CAA'),
(4, 'CAA'),
(5, 'CAA'),
(6, 'CAA'),
(7, 'CAA'),
(8, 'CAA'),
(9, 'CAA'),
(10, 'CAA'),
(11, 'CAA'),
(12, 'CAA'),
(13, 'CAA'),
(14, 'CAA'),
(15, 'CAA'),
(16, 'CAA'),
(17, 'CAA'),
(18, 'CAA'),
(19, 'CAA'),
(20, 'CAA'),
(21, 'CAA'),
(22, 'CAA'),
(23, 'CAA'),
(24, 'CAA'),
(25, 'CAA'),
(26, 'CAA'),
(27, 'CAA'),
(28, 'CAA'),
(1, 'CBI'),
(2, 'CBI'),
(3, 'CBI'),
(4, 'CBI'),
(5, 'CBI'),
(6, 'CBI'),
(7, 'CBI'),
(8, 'CBI'),
(9, 'CBI'),
(10, 'CBI'),
(11, 'CBI'),
(12, 'CBI'),
(13, 'CBI'),
(14, 'CBI'),
(15, 'CBI'),
(16, 'CBI'),
(17, 'CBI'),
(18, 'CBI'),
(19, 'CBI'),
(20, 'CBI'),
(21, 'CBI'),
(22, 'CBI'),
(23, 'CBI'),
(24, 'CBI'),
(25, 'CBI'),
(26, 'CBI'),
(27, 'CBI'),
(28, 'CBI'),
(1, 'CEM'),
(2, 'CEM'),
(5, 'CEM'),
(6, 'CEM'),
(11, 'CEM'),
(12, 'CEM'),
(16, 'CEM'),
(26, 'CEM'),
(28, 'CEM'),
(29, 'CEM'),
(30, 'CEM'),
(55, 'CEM'),
(56, 'CEM'),
(74, 'CEM'),
(1, 'CEN'),
(2, 'CEN'),
(5, 'CEN'),
(6, 'CEN'),
(7, 'CEN'),
(11, 'CEN'),
(12, 'CEN'),
(26, 'CEN'),
(27, 'CEN'),
(28, 'CEN'),
(29, 'CEN'),
(30, 'CEN'),
(43, 'CEN'),
(49, 'CEN'),
(50, 'CEN'),
(51, 'CEN'),
(52, 'CEN'),
(53, 'CEN'),
(54, 'CEN'),
(1, 'CIR'),
(2, 'CIR'),
(3, 'CIR'),
(4, 'CIR'),
(5, 'CIR'),
(6, 'CIR'),
(7, 'CIR'),
(8, 'CIR'),
(9, 'CIR'),
(10, 'CIR'),
(11, 'CIR'),
(12, 'CIR'),
(13, 'CIR'),
(14, 'CIR'),
(15, 'CIR'),
(16, 'CIR'),
(17, 'CIR'),
(18, 'CIR'),
(19, 'CIR'),
(20, 'CIR'),
(21, 'CIR'),
(22, 'CIR'),
(23, 'CIR'),
(24, 'CIR'),
(25, 'CIR'),
(26, 'CIR'),
(27, 'CIR'),
(28, 'CIR'),
(1, 'CLA'),
(2, 'CLA'),
(4, 'CLA'),
(5, 'CLA'),
(6, 'CLA'),
(11, 'CLA'),
(12, 'CLA'),
(13, 'CLA'),
(18, 'CLA'),
(19, 'CLA'),
(20, 'CLA'),
(25, 'CLA'),
(26, 'CLA'),
(28, 'CLA'),
(29, 'CLA'),
(33, 'CLA'),
(35, 'CLA'),
(36, 'CLA'),
(37, 'CLA'),
(1, 'CLS'),
(2, 'CLS'),
(3, 'CLS'),
(4, 'CLS'),
(5, 'CLS'),
(6, 'CLS'),
(7, 'CLS'),
(8, 'CLS'),
(9, 'CLS'),
(10, 'CLS'),
(11, 'CLS'),
(12, 'CLS'),
(13, 'CLS'),
(14, 'CLS'),
(15, 'CLS'),
(16, 'CLS'),
(17, 'CLS'),
(18, 'CLS'),
(19, 'CLS'),
(20, 'CLS'),
(21, 'CLS'),
(22, 'CLS'),
(23, 'CLS'),
(24, 'CLS'),
(25, 'CLS'),
(26, 'CLS'),
(27, 'CLS'),
(28, 'CLS'),
(1, 'CPS'),
(2, 'CPS'),
(5, 'CPS'),
(6, 'CPS'),
(11, 'CPS'),
(17, 'CPS'),
(26, 'CPS'),
(28, 'CPS'),
(29, 'CPS'),
(30, 'CPS'),
(57, 'CPS'),
(58, 'CPS'),
(59, 'CPS'),
(1, 'CRC'),
(2, 'CRC'),
(3, 'CRC'),
(4, 'CRC'),
(5, 'CRC'),
(6, 'CRC'),
(7, 'CRC'),
(8, 'CRC'),
(9, 'CRC'),
(10, 'CRC'),
(11, 'CRC'),
(12, 'CRC'),
(13, 'CRC'),
(14, 'CRC'),
(15, 'CRC'),
(16, 'CRC'),
(17, 'CRC'),
(18, 'CRC'),
(19, 'CRC'),
(20, 'CRC'),
(21, 'CRC'),
(22, 'CRC'),
(23, 'CRC'),
(24, 'CRC'),
(25, 'CRC'),
(26, 'CRC'),
(27, 'CRC'),
(28, 'CRC'),
(1, 'CRE'),
(2, 'CRE'),
(5, 'CRE'),
(6, 'CRE'),
(7, 'CRE'),
(11, 'CRE'),
(12, 'CRE'),
(26, 'CRE'),
(27, 'CRE'),
(28, 'CRE'),
(29, 'CRE'),
(30, 'CRE'),
(43, 'CRE'),
(49, 'CRE'),
(50, 'CRE'),
(51, 'CRE'),
(52, 'CRE'),
(53, 'CRE'),
(54, 'CRE'),
(1, 'DAC'),
(2, 'DAC'),
(3, 'DAC'),
(4, 'DAC'),
(5, 'DAC'),
(6, 'DAC'),
(7, 'DAC'),
(8, 'DAC'),
(9, 'DAC'),
(10, 'DAC'),
(11, 'DAC'),
(12, 'DAC'),
(13, 'DAC'),
(14, 'DAC'),
(15, 'DAC'),
(16, 'DAC'),
(17, 'DAC'),
(18, 'DAC'),
(19, 'DAC'),
(20, 'DAC'),
(21, 'DAC'),
(22, 'DAC'),
(23, 'DAC'),
(24, 'DAC'),
(25, 'DAC'),
(26, 'DAC'),
(27, 'DAC'),
(28, 'DAC'),
(1, 'DEF'),
(2, 'DEF'),
(5, 'DEF'),
(6, 'DEF'),
(7, 'DEF'),
(9, 'DEF'),
(10, 'DEF'),
(11, 'DEF'),
(12, 'DEF'),
(13, 'DEF'),
(22, 'DEF'),
(24, 'DEF'),
(25, 'DEF'),
(26, 'DEF'),
(27, 'DEF'),
(28, 'DEF'),
(29, 'DEF'),
(30, 'DEF'),
(43, 'DEF'),
(60, 'DEF'),
(61, 'DEF'),
(62, 'DEF'),
(63, 'DEF'),
(64, 'DEF'),
(65, 'DEF'),
(66, 'DEF'),
(1, 'DIA'),
(2, 'DIA'),
(5, 'DIA'),
(6, 'DIA'),
(11, 'DIA'),
(26, 'DIA'),
(28, 'DIA'),
(29, 'DIA'),
(30, 'DIA'),
(67, 'DIA'),
(1, 'DIC'),
(2, 'DIC'),
(3, 'DIC'),
(4, 'DIC'),
(5, 'DIC'),
(6, 'DIC'),
(7, 'DIC'),
(8, 'DIC'),
(9, 'DIC'),
(10, 'DIC'),
(11, 'DIC'),
(12, 'DIC'),
(13, 'DIC'),
(14, 'DIC'),
(15, 'DIC'),
(16, 'DIC'),
(17, 'DIC'),
(18, 'DIC'),
(19, 'DIC'),
(20, 'DIC'),
(21, 'DIC'),
(22, 'DIC'),
(23, 'DIC'),
(24, 'DIC'),
(25, 'DIC'),
(26, 'DIC'),
(27, 'DIC'),
(28, 'DIC'),
(1, 'DMO'),
(2, 'DMO'),
(3, 'DMO'),
(4, 'DMO'),
(5, 'DMO'),
(6, 'DMO'),
(7, 'DMO'),
(8, 'DMO'),
(9, 'DMO'),
(10, 'DMO'),
(11, 'DMO'),
(12, 'DMO'),
(13, 'DMO'),
(14, 'DMO'),
(15, 'DMO'),
(16, 'DMO'),
(17, 'DMO'),
(18, 'DMO'),
(19, 'DMO'),
(20, 'DMO'),
(21, 'DMO'),
(22, 'DMO'),
(23, 'DMO'),
(24, 'DMO'),
(25, 'DMO'),
(26, 'DMO'),
(27, 'DMO'),
(28, 'DMO'),
(1, 'DUL'),
(2, 'DUL'),
(3, 'DUL'),
(4, 'DUL'),
(5, 'DUL'),
(6, 'DUL'),
(7, 'DUL'),
(8, 'DUL'),
(9, 'DUL'),
(10, 'DUL'),
(11, 'DUL'),
(12, 'DUL'),
(13, 'DUL'),
(14, 'DUL'),
(15, 'DUL'),
(16, 'DUL'),
(17, 'DUL'),
(18, 'DUL'),
(19, 'DUL'),
(20, 'DUL'),
(21, 'DUL'),
(22, 'DUL'),
(23, 'DUL'),
(24, 'DUL'),
(25, 'DUL'),
(26, 'DUL'),
(27, 'DUL'),
(28, 'DUL'),
(1, 'EAH'),
(2, 'EAH'),
(3, 'EAH'),
(4, 'EAH'),
(5, 'EAH'),
(6, 'EAH'),
(7, 'EAH'),
(8, 'EAH'),
(9, 'EAH'),
(10, 'EAH'),
(11, 'EAH'),
(12, 'EAH'),
(13, 'EAH'),
(14, 'EAH'),
(15, 'EAH'),
(16, 'EAH'),
(17, 'EAH'),
(18, 'EAH'),
(19, 'EAH'),
(20, 'EAH'),
(21, 'EAH'),
(22, 'EAH'),
(23, 'EAH'),
(24, 'EAH'),
(25, 'EAH'),
(26, 'EAH'),
(27, 'EAH'),
(28, 'EAH'),
(1, 'ECG'),
(2, 'ECG'),
(5, 'ECG'),
(6, 'ECG'),
(7, 'ECG'),
(9, 'ECG'),
(10, 'ECG'),
(11, 'ECG'),
(12, 'ECG'),
(13, 'ECG'),
(21, 'ECG'),
(24, 'ECG'),
(25, 'ECG'),
(26, 'ECG'),
(27, 'ECG'),
(28, 'ECG'),
(29, 'ECG'),
(30, 'ECG'),
(43, 'ECG'),
(60, 'ECG'),
(63, 'ECG'),
(79, 'ECG'),
(80, 'ECG'),
(1, 'ECT'),
(2, 'ECT'),
(5, 'ECT'),
(6, 'ECT'),
(7, 'ECT'),
(9, 'ECT'),
(10, 'ECT'),
(11, 'ECT'),
(12, 'ECT'),
(14, 'ECT'),
(15, 'ECT'),
(18, 'ECT'),
(19, 'ECT'),
(24, 'ECT'),
(26, 'ECT'),
(27, 'ECT'),
(28, 'ECT'),
(29, 'ECT'),
(30, 'ECT'),
(43, 'ECT'),
(63, 'ECT'),
(68, 'ECT'),
(69, 'ECT'),
(70, 'ECT'),
(71, 'ECT'),
(72, 'ECT'),
(73, 'ECT'),
(1, 'EEG'),
(2, 'EEG'),
(3, 'EEG'),
(4, 'EEG'),
(5, 'EEG'),
(6, 'EEG'),
(7, 'EEG'),
(8, 'EEG'),
(9, 'EEG'),
(10, 'EEG'),
(11, 'EEG'),
(12, 'EEG'),
(13, 'EEG'),
(14, 'EEG'),
(15, 'EEG'),
(16, 'EEG'),
(17, 'EEG'),
(18, 'EEG'),
(19, 'EEG'),
(20, 'EEG'),
(21, 'EEG'),
(22, 'EEG'),
(23, 'EEG'),
(24, 'EEG'),
(25, 'EEG'),
(26, 'EEG'),
(27, 'EEG'),
(28, 'EEG'),
(1, 'ELB'),
(2, 'ELB'),
(5, 'ELB'),
(6, 'ELB'),
(11, 'ELB'),
(12, 'ELB'),
(24, 'ELB'),
(25, 'ELB'),
(26, 'ELB'),
(27, 'ELB'),
(28, 'ELB'),
(29, 'ELB'),
(30, 'ELB'),
(43, 'ELB'),
(75, 'ELB'),
(76, 'ELB'),
(77, 'ELB'),
(78, 'ELB'),
(1, 'EMG'),
(2, 'EMG'),
(3, 'EMG'),
(4, 'EMG'),
(5, 'EMG'),
(6, 'EMG'),
(7, 'EMG'),
(8, 'EMG'),
(9, 'EMG'),
(10, 'EMG'),
(11, 'EMG'),
(12, 'EMG'),
(13, 'EMG'),
(14, 'EMG'),
(15, 'EMG'),
(16, 'EMG'),
(17, 'EMG'),
(18, 'EMG'),
(19, 'EMG'),
(20, 'EMG'),
(21, 'EMG'),
(22, 'EMG'),
(23, 'EMG'),
(24, 'EMG'),
(25, 'EMG'),
(26, 'EMG'),
(27, 'EMG'),
(28, 'EMG'),
(1, 'FAC'),
(2, 'FAC'),
(3, 'FAC'),
(4, 'FAC'),
(5, 'FAC'),
(6, 'FAC'),
(7, 'FAC'),
(8, 'FAC'),
(9, 'FAC'),
(10, 'FAC'),
(11, 'FAC'),
(12, 'FAC'),
(13, 'FAC'),
(14, 'FAC'),
(15, 'FAC'),
(16, 'FAC'),
(17, 'FAC'),
(18, 'FAC'),
(19, 'FAC'),
(20, 'FAC'),
(21, 'FAC'),
(22, 'FAC'),
(23, 'FAC'),
(24, 'FAC'),
(25, 'FAC'),
(26, 'FAC'),
(27, 'FAC'),
(28, 'FAC'),
(1, 'FAS'),
(2, 'FAS'),
(3, 'FAS'),
(4, 'FAS'),
(5, 'FAS'),
(6, 'FAS'),
(7, 'FAS'),
(8, 'FAS'),
(9, 'FAS'),
(10, 'FAS'),
(11, 'FAS'),
(12, 'FAS'),
(13, 'FAS'),
(14, 'FAS'),
(15, 'FAS'),
(16, 'FAS'),
(17, 'FAS'),
(18, 'FAS'),
(19, 'FAS'),
(20, 'FAS'),
(21, 'FAS'),
(22, 'FAS'),
(23, 'FAS'),
(24, 'FAS'),
(25, 'FAS'),
(26, 'FAS'),
(27, 'FAS'),
(28, 'FAS'),
(1, 'FBI'),
(2, 'FBI'),
(4, 'FBI'),
(5, 'FBI'),
(6, 'FBI'),
(11, 'FBI'),
(12, 'FBI'),
(13, 'FBI'),
(18, 'FBI'),
(19, 'FBI'),
(20, 'FBI'),
(25, 'FBI'),
(26, 'FBI'),
(28, 'FBI'),
(29, 'FBI'),
(33, 'FBI'),
(35, 'FBI'),
(36, 'FBI'),
(37, 'FBI'),
(1, 'FLU'),
(2, 'FLU'),
(5, 'FLU'),
(6, 'FLU'),
(11, 'FLU'),
(12, 'FLU'),
(18, 'FLU'),
(19, 'FLU'),
(26, 'FLU'),
(28, 'FLU'),
(29, 'FLU'),
(30, 'FLU'),
(81, 'FLU'),
(82, 'FLU'),
(83, 'FLU'),
(1, 'FOT'),
(2, 'FOT'),
(5, 'FOT'),
(6, 'FOT'),
(11, 'FOT'),
(12, 'FOT'),
(18, 'FOT'),
(19, 'FOT'),
(26, 'FOT'),
(28, 'FOT'),
(29, 'FOT'),
(30, 'FOT'),
(81, 'FOT'),
(83, 'FOT'),
(84, 'FOT'),
(1, 'FRE'),
(2, 'FRE'),
(4, 'FRE'),
(5, 'FRE'),
(6, 'FRE'),
(11, 'FRE'),
(12, 'FRE'),
(13, 'FRE'),
(18, 'FRE'),
(19, 'FRE'),
(20, 'FRE'),
(25, 'FRE'),
(26, 'FRE'),
(28, 'FRE'),
(29, 'FRE'),
(33, 'FRE'),
(35, 'FRE'),
(36, 'FRE'),
(37, 'FRE'),
(1, 'IGA'),
(2, 'IGA'),
(3, 'IGA'),
(4, 'IGA'),
(5, 'IGA'),
(6, 'IGA'),
(7, 'IGA'),
(8, 'IGA'),
(9, 'IGA'),
(10, 'IGA'),
(11, 'IGA'),
(12, 'IGA'),
(13, 'IGA'),
(14, 'IGA'),
(15, 'IGA'),
(16, 'IGA'),
(17, 'IGA'),
(18, 'IGA'),
(19, 'IGA'),
(20, 'IGA'),
(21, 'IGA'),
(22, 'IGA'),
(23, 'IGA'),
(24, 'IGA'),
(25, 'IGA'),
(26, 'IGA'),
(27, 'IGA'),
(28, 'IGA'),
(1, 'INC'),
(2, 'INC'),
(5, 'INC'),
(6, 'INC'),
(7, 'INC'),
(9, 'INC'),
(10, 'INC'),
(11, 'INC'),
(12, 'INC'),
(16, 'INC'),
(19, 'INC'),
(26, 'INC'),
(27, 'INC'),
(28, 'INC'),
(29, 'INC'),
(30, 'INC'),
(43, 'INC'),
(85, 'INC'),
(86, 'INC'),
(1, 'IRR'),
(2, 'IRR'),
(3, 'IRR'),
(4, 'IRR'),
(5, 'IRR'),
(6, 'IRR'),
(7, 'IRR'),
(8, 'IRR'),
(9, 'IRR'),
(10, 'IRR'),
(11, 'IRR'),
(12, 'IRR'),
(13, 'IRR'),
(14, 'IRR'),
(15, 'IRR'),
(16, 'IRR'),
(17, 'IRR'),
(18, 'IRR'),
(19, 'IRR'),
(20, 'IRR'),
(21, 'IRR'),
(22, 'IRR'),
(23, 'IRR'),
(24, 'IRR'),
(25, 'IRR'),
(26, 'IRR'),
(27, 'IRR'),
(28, 'IRR'),
(1, 'LAI'),
(2, 'LAI'),
(5, 'LAI'),
(6, 'LAI'),
(11, 'LAI'),
(12, 'LAI'),
(18, 'LAI'),
(19, 'LAI'),
(26, 'LAI'),
(28, 'LAI'),
(29, 'LAI'),
(30, 'LAI'),
(81, 'LAI'),
(82, 'LAI'),
(87, 'LAI'),
(88, 'LAI'),
(1, 'LFE'),
(2, 'LFE'),
(3, 'LFE'),
(4, 'LFE'),
(5, 'LFE'),
(6, 'LFE'),
(7, 'LFE'),
(8, 'LFE'),
(9, 'LFE'),
(10, 'LFE'),
(11, 'LFE'),
(12, 'LFE'),
(13, 'LFE'),
(14, 'LFE'),
(15, 'LFE'),
(16, 'LFE'),
(17, 'LFE'),
(18, 'LFE'),
(19, 'LFE'),
(20, 'LFE'),
(21, 'LFE'),
(22, 'LFE'),
(23, 'LFE'),
(24, 'LFE'),
(25, 'LFE'),
(26, 'LFE'),
(27, 'LFE'),
(28, 'LFE'),
(1, 'LPE'),
(2, 'LPE'),
(3, 'LPE'),
(4, 'LPE'),
(5, 'LPE'),
(6, 'LPE'),
(7, 'LPE'),
(8, 'LPE'),
(9, 'LPE'),
(10, 'LPE'),
(11, 'LPE'),
(12, 'LPE'),
(13, 'LPE'),
(14, 'LPE'),
(15, 'LPE'),
(16, 'LPE'),
(17, 'LPE'),
(18, 'LPE'),
(19, 'LPE'),
(20, 'LPE'),
(21, 'LPE'),
(22, 'LPE'),
(23, 'LPE'),
(24, 'LPE'),
(25, 'LPE'),
(26, 'LPE'),
(27, 'LPE'),
(28, 'LPE'),
(1, 'LSC'),
(2, 'LSC'),
(5, 'LSC'),
(6, 'LSC'),
(11, 'LSC'),
(12, 'LSC'),
(18, 'LSC'),
(19, 'LSC'),
(26, 'LSC'),
(28, 'LSC'),
(29, 'LSC'),
(30, 'LSC'),
(81, 'LSC'),
(82, 'LSC'),
(87, 'LSC'),
(88, 'LSC'),
(1, 'MAT'),
(2, 'MAT'),
(3, 'MAT'),
(4, 'MAT'),
(5, 'MAT'),
(6, 'MAT'),
(7, 'MAT'),
(8, 'MAT'),
(9, 'MAT'),
(10, 'MAT'),
(11, 'MAT'),
(12, 'MAT'),
(13, 'MAT'),
(14, 'MAT'),
(15, 'MAT'),
(16, 'MAT'),
(17, 'MAT'),
(18, 'MAT'),
(19, 'MAT'),
(20, 'MAT'),
(21, 'MAT'),
(22, 'MAT'),
(23, 'MAT'),
(24, 'MAT'),
(25, 'MAT'),
(26, 'MAT'),
(27, 'MAT'),
(28, 'MAT'),
(1, 'MOL'),
(2, 'MOL'),
(5, 'MOL'),
(6, 'MOL'),
(7, 'MOL'),
(11, 'MOL'),
(12, 'MOL'),
(26, 'MOL'),
(27, 'MOL'),
(28, 'MOL'),
(29, 'MOL'),
(30, 'MOL'),
(43, 'MOL'),
(90, 'MOL'),
(91, 'MOL'),
(92, 'MOL'),
(93, 'MOL'),
(1, 'MON'),
(2, 'MON'),
(5, 'MON'),
(6, 'MON'),
(7, 'MON'),
(9, 'MON'),
(10, 'MON'),
(11, 'MON'),
(12, 'MON'),
(13, 'MON'),
(21, 'MON'),
(24, 'MON'),
(25, 'MON'),
(26, 'MON'),
(27, 'MON'),
(28, 'MON'),
(29, 'MON'),
(30, 'MON'),
(43, 'MON'),
(60, 'MON'),
(63, 'MON'),
(64, 'MON'),
(65, 'MON'),
(94, 'MON'),
(95, 'MON'),
(96, 'MON'),
(1, 'MRC'),
(2, 'MRC'),
(3, 'MRC'),
(4, 'MRC'),
(5, 'MRC'),
(6, 'MRC'),
(7, 'MRC'),
(8, 'MRC'),
(9, 'MRC'),
(10, 'MRC'),
(11, 'MRC'),
(12, 'MRC'),
(13, 'MRC'),
(14, 'MRC'),
(15, 'MRC'),
(16, 'MRC'),
(17, 'MRC'),
(18, 'MRC'),
(19, 'MRC'),
(20, 'MRC'),
(21, 'MRC'),
(22, 'MRC'),
(23, 'MRC'),
(24, 'MRC'),
(25, 'MRC'),
(26, 'MRC'),
(27, 'MRC'),
(28, 'MRC'),
(1, 'MST'),
(2, 'MST'),
(3, 'MST'),
(4, 'MST'),
(5, 'MST'),
(6, 'MST'),
(7, 'MST'),
(8, 'MST'),
(9, 'MST'),
(10, 'MST'),
(11, 'MST'),
(12, 'MST'),
(13, 'MST'),
(14, 'MST'),
(15, 'MST'),
(16, 'MST'),
(17, 'MST'),
(18, 'MST'),
(19, 'MST'),
(20, 'MST'),
(21, 'MST'),
(22, 'MST'),
(23, 'MST'),
(24, 'MST'),
(25, 'MST'),
(26, 'MST'),
(27, 'MST'),
(28, 'MST'),
(1, 'MTV'),
(2, 'MTV'),
(3, 'MTV'),
(4, 'MTV'),
(5, 'MTV'),
(6, 'MTV'),
(7, 'MTV'),
(8, 'MTV'),
(9, 'MTV'),
(10, 'MTV'),
(11, 'MTV'),
(12, 'MTV'),
(13, 'MTV'),
(14, 'MTV'),
(15, 'MTV'),
(16, 'MTV'),
(17, 'MTV'),
(18, 'MTV'),
(19, 'MTV'),
(20, 'MTV'),
(21, 'MTV'),
(22, 'MTV'),
(23, 'MTV'),
(24, 'MTV'),
(25, 'MTV'),
(26, 'MTV'),
(27, 'MTV'),
(28, 'MTV'),
(1, 'OFM'),
(2, 'OFM'),
(3, 'OFM'),
(4, 'OFM'),
(5, 'OFM'),
(6, 'OFM'),
(7, 'OFM'),
(8, 'OFM'),
(9, 'OFM'),
(10, 'OFM'),
(11, 'OFM'),
(12, 'OFM'),
(13, 'OFM'),
(14, 'OFM'),
(15, 'OFM'),
(16, 'OFM'),
(17, 'OFM'),
(18, 'OFM'),
(19, 'OFM'),
(20, 'OFM'),
(21, 'OFM'),
(22, 'OFM'),
(23, 'OFM'),
(24, 'OFM'),
(25, 'OFM'),
(26, 'OFM'),
(27, 'OFM'),
(28, 'OFM'),
(1, 'OFS'),
(2, 'OFS'),
(3, 'OFS'),
(4, 'OFS'),
(5, 'OFS'),
(6, 'OFS'),
(7, 'OFS'),
(8, 'OFS'),
(9, 'OFS'),
(10, 'OFS'),
(11, 'OFS'),
(12, 'OFS'),
(13, 'OFS'),
(14, 'OFS'),
(15, 'OFS'),
(16, 'OFS'),
(17, 'OFS'),
(18, 'OFS'),
(19, 'OFS'),
(20, 'OFS'),
(21, 'OFS'),
(22, 'OFS'),
(23, 'OFS'),
(24, 'OFS'),
(25, 'OFS'),
(26, 'OFS'),
(27, 'OFS'),
(28, 'OFS'),
(1, 'OOR'),
(2, 'OOR'),
(5, 'OOR'),
(6, 'OOR'),
(7, 'OOR'),
(9, 'OOR'),
(10, 'OOR'),
(11, 'OOR'),
(12, 'OOR'),
(24, 'OOR'),
(25, 'OOR'),
(26, 'OOR'),
(27, 'OOR'),
(28, 'OOR'),
(29, 'OOR'),
(30, 'OOR'),
(43, 'OOR'),
(65, 'OOR'),
(80, 'OOR'),
(100, 'OOR'),
(1, 'OPM'),
(2, 'OPM'),
(3, 'OPM'),
(4, 'OPM'),
(5, 'OPM'),
(6, 'OPM'),
(7, 'OPM'),
(8, 'OPM'),
(9, 'OPM'),
(10, 'OPM'),
(11, 'OPM'),
(12, 'OPM'),
(13, 'OPM'),
(14, 'OPM'),
(15, 'OPM'),
(16, 'OPM'),
(17, 'OPM'),
(18, 'OPM'),
(19, 'OPM'),
(20, 'OPM'),
(21, 'OPM'),
(22, 'OPM'),
(23, 'OPM'),
(24, 'OPM'),
(25, 'OPM'),
(26, 'OPM'),
(27, 'OPM'),
(28, 'OPM'),
(1, 'OZO'),
(2, 'OZO'),
(3, 'OZO'),
(4, 'OZO'),
(5, 'OZO'),
(6, 'OZO'),
(7, 'OZO'),
(8, 'OZO'),
(9, 'OZO'),
(10, 'OZO'),
(11, 'OZO'),
(12, 'OZO'),
(13, 'OZO'),
(14, 'OZO'),
(15, 'OZO'),
(16, 'OZO'),
(17, 'OZO'),
(18, 'OZO'),
(19, 'OZO'),
(20, 'OZO'),
(21, 'OZO'),
(22, 'OZO'),
(23, 'OZO'),
(24, 'OZO'),
(25, 'OZO'),
(26, 'OZO'),
(27, 'OZO'),
(28, 'OZO'),
(1, 'PAH'),
(2, 'PAH'),
(3, 'PAH'),
(4, 'PAH'),
(5, 'PAH'),
(6, 'PAH'),
(7, 'PAH'),
(8, 'PAH'),
(9, 'PAH'),
(10, 'PAH'),
(11, 'PAH'),
(12, 'PAH'),
(13, 'PAH'),
(14, 'PAH'),
(15, 'PAH'),
(16, 'PAH'),
(17, 'PAH'),
(18, 'PAH'),
(19, 'PAH'),
(20, 'PAH'),
(21, 'PAH'),
(22, 'PAH'),
(23, 'PAH'),
(24, 'PAH'),
(25, 'PAH'),
(26, 'PAH'),
(27, 'PAH'),
(28, 'PAH'),
(1, 'PDS'),
(2, 'PDS'),
(3, 'PDS'),
(4, 'PDS'),
(5, 'PDS'),
(6, 'PDS'),
(7, 'PDS'),
(8, 'PDS'),
(9, 'PDS'),
(10, 'PDS'),
(11, 'PDS'),
(12, 'PDS'),
(13, 'PDS'),
(14, 'PDS'),
(15, 'PDS'),
(16, 'PDS'),
(17, 'PDS'),
(18, 'PDS'),
(19, 'PDS'),
(20, 'PDS'),
(21, 'PDS'),
(22, 'PDS'),
(23, 'PDS'),
(24, 'PDS'),
(25, 'PDS'),
(26, 'PDS'),
(27, 'PDS'),
(28, 'PDS'),
(1, 'PIN'),
(2, 'PIN'),
(5, 'PIN'),
(6, 'PIN'),
(7, 'PIN'),
(9, 'PIN'),
(10, 'PIN'),
(11, 'PIN'),
(12, 'PIN'),
(25, 'PIN'),
(26, 'PIN'),
(27, 'PIN'),
(28, 'PIN'),
(29, 'PIN'),
(30, 'PIN'),
(43, 'PIN'),
(97, 'PIN'),
(98, 'PIN'),
(1, 'PSI'),
(2, 'PSI'),
(5, 'PSI'),
(6, 'PSI'),
(7, 'PSI'),
(9, 'PSI'),
(10, 'PSI'),
(11, 'PSI'),
(12, 'PSI'),
(25, 'PSI'),
(26, 'PSI'),
(27, 'PSI'),
(28, 'PSI'),
(29, 'PSI'),
(30, 'PSI'),
(43, 'PSI'),
(97, 'PSI'),
(98, 'PSI'),
(1, 'PTP'),
(2, 'PTP'),
(3, 'PTP'),
(4, 'PTP'),
(5, 'PTP'),
(6, 'PTP'),
(7, 'PTP'),
(8, 'PTP'),
(9, 'PTP'),
(10, 'PTP'),
(11, 'PTP'),
(12, 'PTP'),
(13, 'PTP'),
(14, 'PTP'),
(15, 'PTP'),
(16, 'PTP'),
(17, 'PTP'),
(18, 'PTP'),
(19, 'PTP'),
(20, 'PTP'),
(21, 'PTP'),
(22, 'PTP'),
(23, 'PTP'),
(24, 'PTP'),
(25, 'PTP'),
(26, 'PTP'),
(27, 'PTP'),
(28, 'PTP'),
(1, 'RCA'),
(2, 'RCA'),
(5, 'RCA'),
(6, 'RCA'),
(11, 'RCA'),
(12, 'RCA'),
(25, 'RCA'),
(26, 'RCA'),
(27, 'RCA'),
(28, 'RCA'),
(29, 'RCA'),
(30, 'RCA'),
(43, 'RCA'),
(108, 'RCA'),
(109, 'RCA'),
(110, 'RCA'),
(111, 'RCA'),
(112, 'RCA'),
(113, 'RCA'),
(1, 'RDE'),
(2, 'RDE'),
(6, 'RDE'),
(11, 'RDE'),
(12, 'RDE'),
(26, 'RDE'),
(28, 'RDE'),
(29, 'RDE'),
(30, 'RDE'),
(101, 'RDE'),
(102, 'RDE'),
(103, 'RDE'),
(104, 'RDE'),
(105, 'RDE'),
(106, 'RDE'),
(1, 'RHO'),
(2, 'RHO'),
(3, 'RHO'),
(4, 'RHO'),
(5, 'RHO'),
(6, 'RHO'),
(7, 'RHO'),
(8, 'RHO'),
(9, 'RHO'),
(10, 'RHO'),
(11, 'RHO'),
(12, 'RHO'),
(13, 'RHO'),
(14, 'RHO'),
(15, 'RHO'),
(16, 'RHO'),
(17, 'RHO'),
(18, 'RHO'),
(19, 'RHO'),
(20, 'RHO'),
(21, 'RHO'),
(22, 'RHO'),
(23, 'RHO'),
(24, 'RHO'),
(25, 'RHO'),
(26, 'RHO'),
(27, 'RHO'),
(28, 'RHO'),
(1, 'RHP'),
(2, 'RHP'),
(3, 'RHP'),
(4, 'RHP'),
(5, 'RHP'),
(6, 'RHP'),
(7, 'RHP'),
(8, 'RHP'),
(9, 'RHP'),
(10, 'RHP'),
(11, 'RHP'),
(12, 'RHP'),
(13, 'RHP'),
(14, 'RHP'),
(15, 'RHP'),
(16, 'RHP'),
(17, 'RHP'),
(18, 'RHP'),
(19, 'RHP'),
(20, 'RHP'),
(21, 'RHP'),
(22, 'RHP'),
(23, 'RHP'),
(24, 'RHP'),
(25, 'RHP'),
(26, 'RHP'),
(27, 'RHP'),
(28, 'RHP'),
(1, 'RIU'),
(2, 'RIU'),
(3, 'RIU'),
(4, 'RIU'),
(5, 'RIU'),
(6, 'RIU'),
(7, 'RIU'),
(8, 'RIU'),
(9, 'RIU'),
(10, 'RIU'),
(11, 'RIU'),
(12, 'RIU'),
(13, 'RIU'),
(14, 'RIU'),
(15, 'RIU'),
(16, 'RIU'),
(17, 'RIU'),
(18, 'RIU'),
(19, 'RIU'),
(20, 'RIU'),
(21, 'RIU'),
(22, 'RIU'),
(23, 'RIU'),
(24, 'RIU'),
(25, 'RIU'),
(26, 'RIU'),
(27, 'RIU'),
(28, 'RIU'),
(1, 'RSA'),
(2, 'RSA'),
(3, 'RSA'),
(4, 'RSA'),
(5, 'RSA'),
(6, 'RSA'),
(7, 'RSA'),
(8, 'RSA'),
(9, 'RSA'),
(10, 'RSA'),
(11, 'RSA'),
(12, 'RSA'),
(13, 'RSA'),
(14, 'RSA'),
(15, 'RSA'),
(16, 'RSA'),
(17, 'RSA'),
(18, 'RSA'),
(19, 'RSA'),
(20, 'RSA'),
(21, 'RSA'),
(22, 'RSA'),
(23, 'RSA'),
(24, 'RSA'),
(25, 'RSA'),
(26, 'RSA'),
(27, 'RSA'),
(28, 'RSA'),
(1, 'RTS'),
(2, 'RTS'),
(3, 'RTS'),
(4, 'RTS'),
(5, 'RTS'),
(6, 'RTS'),
(7, 'RTS'),
(8, 'RTS'),
(9, 'RTS'),
(10, 'RTS'),
(11, 'RTS'),
(12, 'RTS'),
(13, 'RTS'),
(14, 'RTS'),
(15, 'RTS'),
(16, 'RTS'),
(17, 'RTS'),
(18, 'RTS'),
(19, 'RTS'),
(20, 'RTS'),
(21, 'RTS'),
(22, 'RTS'),
(23, 'RTS'),
(24, 'RTS'),
(25, 'RTS'),
(26, 'RTS'),
(27, 'RTS'),
(28, 'RTS'),
(1, 'SAI'),
(2, 'SAI'),
(3, 'SAI'),
(4, 'SAI'),
(5, 'SAI'),
(6, 'SAI'),
(7, 'SAI'),
(8, 'SAI'),
(9, 'SAI'),
(10, 'SAI'),
(11, 'SAI'),
(12, 'SAI'),
(13, 'SAI'),
(14, 'SAI'),
(15, 'SAI'),
(16, 'SAI'),
(17, 'SAI'),
(18, 'SAI'),
(19, 'SAI'),
(20, 'SAI'),
(21, 'SAI'),
(22, 'SAI'),
(23, 'SAI'),
(24, 'SAI'),
(25, 'SAI'),
(26, 'SAI'),
(27, 'SAI'),
(28, 'SAI'),
(1, 'SAP'),
(2, 'SAP'),
(3, 'SAP'),
(4, 'SAP'),
(5, 'SAP'),
(6, 'SAP'),
(7, 'SAP'),
(8, 'SAP'),
(9, 'SAP'),
(10, 'SAP'),
(11, 'SAP'),
(12, 'SAP'),
(13, 'SAP'),
(14, 'SAP'),
(15, 'SAP'),
(16, 'SAP'),
(17, 'SAP'),
(18, 'SAP'),
(19, 'SAP'),
(20, 'SAP'),
(21, 'SAP'),
(22, 'SAP'),
(23, 'SAP'),
(24, 'SAP'),
(25, 'SAP'),
(26, 'SAP'),
(27, 'SAP'),
(28, 'SAP'),
(1, 'SES'),
(2, 'SES'),
(5, 'SES'),
(6, 'SES'),
(7, 'SES'),
(9, 'SES'),
(10, 'SES'),
(11, 'SES'),
(12, 'SES'),
(16, 'SES'),
(18, 'SES'),
(19, 'SES'),
(26, 'SES'),
(27, 'SES'),
(28, 'SES'),
(29, 'SES'),
(30, 'SES'),
(43, 'SES'),
(114, 'SES'),
(115, 'SES'),
(1, 'SPM'),
(2, 'SPM'),
(5, 'SPM'),
(6, 'SPM'),
(7, 'SPM'),
(9, 'SPM'),
(10, 'SPM'),
(11, 'SPM'),
(12, 'SPM'),
(13, 'SPM'),
(24, 'SPM'),
(26, 'SPM'),
(27, 'SPM'),
(28, 'SPM'),
(29, 'SPM'),
(30, 'SPM'),
(43, 'SPM'),
(60, 'SPM'),
(107, 'SPM'),
(1, 'STE'),
(2, 'STE'),
(3, 'STE'),
(4, 'STE'),
(5, 'STE'),
(6, 'STE'),
(7, 'STE'),
(8, 'STE'),
(9, 'STE'),
(10, 'STE'),
(11, 'STE'),
(12, 'STE'),
(13, 'STE'),
(14, 'STE'),
(15, 'STE'),
(16, 'STE'),
(17, 'STE'),
(18, 'STE'),
(19, 'STE'),
(20, 'STE'),
(21, 'STE'),
(22, 'STE'),
(23, 'STE'),
(24, 'STE'),
(25, 'STE'),
(26, 'STE'),
(27, 'STE'),
(28, 'STE'),
(1, 'TMS'),
(2, 'TMS'),
(5, 'TMS'),
(6, 'TMS'),
(11, 'TMS'),
(12, 'TMS'),
(18, 'TMS'),
(19, 'TMS'),
(26, 'TMS'),
(29, 'TMS'),
(30, 'TMS'),
(122, 'TMS'),
(123, 'TMS'),
(124, 'TMS'),
(1, 'TOP'),
(2, 'TOP'),
(6, 'TOP'),
(8, 'TOP'),
(14, 'TOP'),
(29, 'TOP'),
(30, 'TOP'),
(34, 'TOP'),
(89, 'TOP'),
(99, 'TOP'),
(110, 'TOP'),
(116, 'TOP'),
(117, 'TOP'),
(118, 'TOP'),
(119, 'TOP'),
(120, 'TOP'),
(121, 'TOP'),
(1, 'TVC'),
(2, 'TVC'),
(3, 'TVC'),
(4, 'TVC'),
(5, 'TVC'),
(6, 'TVC'),
(7, 'TVC'),
(8, 'TVC'),
(9, 'TVC'),
(10, 'TVC'),
(11, 'TVC'),
(12, 'TVC'),
(13, 'TVC'),
(14, 'TVC'),
(15, 'TVC'),
(16, 'TVC'),
(17, 'TVC'),
(18, 'TVC'),
(19, 'TVC'),
(20, 'TVC'),
(21, 'TVC'),
(22, 'TVC'),
(23, 'TVC'),
(24, 'TVC'),
(25, 'TVC'),
(26, 'TVC'),
(27, 'TVC'),
(28, 'TVC'),
(1, 'VIR'),
(2, 'VIR'),
(5, 'VIR'),
(6, 'VIR'),
(11, 'VIR'),
(12, 'VIR'),
(25, 'VIR'),
(26, 'VIR'),
(27, 'VIR'),
(28, 'VIR'),
(29, 'VIR'),
(30, 'VIR'),
(43, 'VIR'),
(110, 'VIR'),
(111, 'VIR'),
(112, 'VIR'),
(115, 'VIR'),
(133, 'VIR'),
(1, 'VPO'),
(2, 'VPO'),
(5, 'VPO'),
(6, 'VPO'),
(7, 'VPO'),
(8, 'VPO'),
(9, 'VPO'),
(10, 'VPO'),
(11, 'VPO'),
(12, 'VPO'),
(25, 'VPO'),
(26, 'VPO'),
(27, 'VPO'),
(28, 'VPO'),
(29, 'VPO'),
(30, 'VPO'),
(43, 'VPO'),
(125, 'VPO'),
(126, 'VPO'),
(127, 'VPO'),
(128, 'VPO'),
(129, 'VPO'),
(130, 'VPO'),
(131, 'VPO'),
(132, 'VPO');

-- --------------------------------------------------------

--
-- Struttura della tabella `Contiene`
--

CREATE TABLE IF NOT EXISTS `Contiene` (
  `idRapporto` int(11) NOT NULL DEFAULT '0',
  `idTest` int(11) NOT NULL DEFAULT '0',
  `Esito` enum('SI','NO','N.A.') COLLATE latin1_general_ci DEFAULT NULL,
  PRIMARY KEY (`idRapporto`,`idTest`),
  KEY `idTest` (`idTest`)
) ENGINE=InnoDB DEFAULT CHARSET=latin1 COLLATE=latin1_general_ci;

--
-- Dump dei dati per la tabella `Contiene`
--

INSERT INTO `Contiene` (`idRapporto`, `idTest`, `Esito`) VALUES
(1, 1, 'SI'),
(1, 2, 'SI'),
(1, 5, 'SI'),
(1, 6, 'N.A.'),
(1, 7, 'SI'),
(1, 8, 'SI'),
(1, 9, 'SI'),
(1, 10, 'SI'),
(1, 11, 'SI'),
(1, 12, 'SI'),
(1, 26, 'SI'),
(1, 28, 'SI'),
(1, 29, 'SI'),
(1, 30, 'SI'),
(1, 38, 'SI'),
(1, 39, 'SI'),
(1, 40, 'NO'),
(1, 41, 'N.A.'),
(1, 42, 'SI'),
(1, 43, 'N.A.'),
(2, 1, 'SI'),
(2, 2, 'SI'),
(2, 4, 'SI'),
(2, 5, 'SI'),
(2, 6, 'N.A.'),
(2, 7, 'SI'),
(2, 8, 'SI'),
(2, 9, 'SI'),
(2, 11, 'SI'),
(2, 12, 'SI'),
(2, 23, 'SI'),
(2, 26, 'SI'),
(2, 28, 'SI'),
(2, 29, 'SI'),
(2, 30, 'SI'),
(3, 1, 'SI'),
(3, 2, 'N.A.'),
(3, 5, 'SI'),
(3, 6, 'SI'),
(3, 7, 'SI'),
(3, 8, 'SI'),
(3, 9, 'NO'),
(3, 10, 'SI'),
(3, 11, 'SI'),
(3, 12, 'SI'),
(3, 25, 'SI'),
(3, 26, 'NO'),
(3, 27, 'SI'),
(3, 28, 'SI'),
(3, 29, 'SI'),
(3, 30, 'SI'),
(3, 43, 'SI'),
(3, 125, 'SI'),
(3, 126, 'SI'),
(3, 127, 'SI'),
(3, 128, 'NO'),
(3, 129, 'SI'),
(3, 130, 'SI'),
(3, 131, 'SI'),
(3, 132, 'SI'),
(4, 1, 'SI'),
(4, 2, 'SI'),
(4, 5, 'SI'),
(4, 6, 'SI'),
(4, 7, 'SI'),
(4, 9, 'NO'),
(4, 10, 'NO'),
(4, 11, 'SI'),
(4, 12, 'SI'),
(4, 26, 'SI'),
(4, 27, 'NO'),
(4, 28, 'SI'),
(4, 29, 'SI'),
(4, 30, 'SI'),
(4, 31, 'SI'),
(4, 32, 'SI'),
(5, 1, 'SI'),
(5, 2, 'SI'),
(5, 5, 'SI'),
(5, 6, 'SI'),
(5, 11, 'SI'),
(5, 12, 'SI'),
(5, 25, 'SI'),
(5, 26, 'SI'),
(5, 27, 'SI'),
(5, 28, 'SI'),
(5, 29, 'SI'),
(5, 30, 'SI'),
(5, 43, 'SI'),
(5, 110, 'SI'),
(5, 111, 'SI'),
(5, 112, 'SI'),
(5, 115, 'SI'),
(5, 133, 'SI'),
(6, 1, 'SI'),
(6, 2, 'SI'),
(6, 3, 'NO'),
(6, 4, 'NO'),
(6, 5, 'SI'),
(6, 6, 'N.A.'),
(6, 7, 'SI'),
(6, 8, 'N.A.'),
(6, 9, 'N.A.'),
(6, 10, 'N.A.'),
(6, 11, 'SI'),
(6, 12, 'SI'),
(6, 13, 'N.A.'),
(6, 14, 'N.A.'),
(6, 15, 'N.A.'),
(6, 16, 'N.A.'),
(6, 17, 'N.A.'),
(6, 18, 'NO'),
(6, 19, 'NO'),
(6, 20, 'N.A.'),
(6, 21, 'N.A.'),
(6, 22, 'N.A.'),
(6, 23, 'N.A.'),
(6, 24, 'NO'),
(6, 25, 'N.A.'),
(6, 26, 'SI'),
(6, 27, 'NO'),
(6, 28, 'SI'),
(7, 1, 'SI'),
(7, 2, 'SI'),
(7, 3, 'SI'),
(7, 4, 'SI'),
(7, 5, 'SI'),
(7, 6, 'SI'),
(7, 7, 'SI'),
(7, 8, 'N.A.'),
(7, 9, 'N.A.'),
(7, 10, 'N.A.'),
(7, 11, 'SI'),
(7, 12, 'SI'),
(7, 13, 'N.A.'),
(7, 14, 'N.A.'),
(7, 15, 'N.A.'),
(7, 16, 'SI'),
(7, 17, 'NO'),
(7, 18, 'N.A.'),
(7, 19, 'N.A.'),
(7, 20, 'N.A.'),
(7, 21, 'N.A.'),
(7, 22, 'N.A.'),
(7, 23, 'N.A.'),
(7, 24, 'SI'),
(7, 25, 'N.A.'),
(7, 26, 'SI'),
(7, 27, 'NO'),
(7, 28, 'SI'),
(8, 1, 'SI'),
(8, 2, 'SI'),
(8, 3, 'SI'),
(8, 4, 'SI'),
(8, 5, 'SI'),
(8, 6, 'SI'),
(8, 7, 'SI'),
(8, 8, 'SI'),
(8, 9, 'SI'),
(8, 10, 'SI'),
(8, 11, 'SI'),
(8, 12, 'SI'),
(8, 13, 'SI'),
(8, 14, 'SI'),
(8, 15, 'SI'),
(8, 16, 'SI'),
(8, 17, 'SI'),
(8, 18, 'SI'),
(8, 19, 'N.A.'),
(8, 20, 'SI'),
(8, 21, 'SI'),
(8, 22, 'SI'),
(8, 23, 'SI'),
(8, 24, 'SI'),
(8, 25, 'SI'),
(8, 26, 'SI'),
(8, 27, 'SI'),
(8, 28, 'SI'),
(9, 1, 'SI'),
(9, 2, 'SI'),
(9, 3, 'N.A.'),
(9, 4, 'N.A.'),
(9, 5, 'SI'),
(9, 6, 'SI'),
(9, 7, 'SI'),
(9, 8, 'N.A.'),
(9, 9, 'N.A.'),
(9, 10, 'NO'),
(9, 11, 'SI'),
(9, 12, 'SI'),
(9, 13, 'N.A.'),
(9, 14, 'N.A.'),
(9, 15, 'N.A.'),
(9, 16, 'SI'),
(9, 17, 'N.A.'),
(9, 18, 'N.A.'),
(9, 19, 'N.A.'),
(9, 20, 'N.A.'),
(9, 21, 'N.A.'),
(9, 22, 'N.A.'),
(9, 23, 'N.A.'),
(9, 24, 'N.A.'),
(9, 25, 'N.A.'),
(9, 26, 'SI'),
(9, 27, 'NO'),
(9, 28, 'SI'),
(10, 1, 'SI'),
(10, 2, 'SI'),
(10, 3, 'SI'),
(10, 4, 'SI'),
(10, 5, 'SI'),
(10, 6, 'SI'),
(10, 7, 'SI'),
(10, 8, 'N.A.'),
(10, 9, 'N.A.'),
(10, 10, 'NO'),
(10, 11, 'SI'),
(10, 12, 'SI'),
(10, 13, 'SI'),
(10, 14, 'N.A.'),
(10, 15, 'N.A.'),
(10, 16, 'SI'),
(10, 17, 'N.A.'),
(10, 18, 'N.A.'),
(10, 19, 'N.A.'),
(10, 20, 'N.A.'),
(10, 21, 'N.A.'),
(10, 22, 'N.A.'),
(10, 23, 'N.A.'),
(10, 24, 'N.A.'),
(10, 25, 'SI'),
(10, 26, 'SI'),
(10, 27, 'NO'),
(10, 28, 'SI'),
(11, 1, 'SI'),
(11, 2, 'SI'),
(11, 6, 'SI'),
(11, 8, 'SI'),
(11, 14, 'SI'),
(11, 29, 'SI'),
(11, 30, 'SI'),
(11, 34, 'SI'),
(11, 89, 'SI'),
(11, 99, 'SI'),
(11, 110, 'SI'),
(11, 116, 'SI'),
(11, 117, 'SI'),
(11, 118, 'SI'),
(11, 119, 'SI'),
(11, 120, 'SI'),
(11, 121, 'SI'),
(12, 1, 'SI'),
(12, 2, 'SI'),
(12, 3, 'N.A.'),
(12, 4, 'N.A.'),
(12, 5, 'SI'),
(12, 6, 'SI'),
(12, 7, 'SI'),
(12, 8, 'N.A.'),
(12, 9, 'N.A.'),
(12, 10, 'N.A.'),
(12, 11, 'SI'),
(12, 12, 'SI'),
(12, 13, 'SI'),
(12, 14, 'N.A.'),
(12, 15, 'N.A.'),
(12, 16, 'N.A.'),
(12, 17, 'N.A.'),
(12, 18, 'N.A.'),
(12, 19, 'N.A.'),
(12, 20, 'N.A.'),
(12, 21, 'N.A.'),
(12, 22, 'N.A.'),
(12, 23, 'N.A.'),
(12, 24, 'SI'),
(12, 25, 'N.A.'),
(12, 26, 'SI'),
(12, 27, 'NO'),
(12, 28, 'SI'),
(13, 1, 'SI'),
(13, 2, 'SI'),
(13, 5, 'N.A.'),
(13, 6, 'N.A.'),
(13, 11, 'SI'),
(13, 12, 'SI'),
(13, 18, 'SI'),
(13, 19, 'SI'),
(13, 26, 'SI'),
(13, 29, 'SI'),
(13, 30, 'SI'),
(13, 122, 'N.A.'),
(13, 123, 'SI'),
(13, 124, 'SI'),
(14, 1, 'SI'),
(14, 2, 'SI'),
(14, 5, 'SI'),
(14, 6, 'SI'),
(14, 7, 'SI'),
(14, 9, 'N.A.'),
(14, 10, 'N.A.'),
(14, 11, 'SI'),
(14, 12, 'SI'),
(14, 26, 'SI'),
(14, 27, 'NO'),
(14, 28, 'SI'),
(14, 29, 'SI'),
(14, 30, 'SI'),
(14, 43, 'N.A.'),
(14, 47, 'SI'),
(14, 48, 'SI'),
(15, 1, 'SI'),
(15, 2, 'SI'),
(15, 3, 'SI'),
(15, 4, 'SI'),
(15, 5, 'SI'),
(15, 6, 'SI'),
(15, 7, 'SI'),
(15, 8, 'SI'),
(15, 9, 'SI'),
(15, 10, 'SI'),
(15, 11, 'SI'),
(15, 12, 'SI'),
(15, 13, 'SI'),
(15, 14, 'SI'),
(15, 15, 'SI'),
(15, 16, 'SI'),
(15, 17, 'SI'),
(15, 18, 'SI'),
(15, 19, 'SI'),
(15, 20, 'SI'),
(15, 21, 'SI'),
(15, 22, 'SI'),
(15, 23, 'SI'),
(15, 24, 'SI'),
(15, 25, 'SI'),
(15, 26, 'SI'),
(15, 27, 'SI'),
(15, 28, 'SI'),
(16, 1, 'SI'),
(16, 2, 'SI'),
(16, 5, 'SI'),
(16, 6, 'N.A.'),
(16, 7, 'SI'),
(16, 9, 'SI'),
(16, 10, 'SI'),
(16, 11, 'SI'),
(16, 12, 'SI'),
(16, 13, 'SI'),
(16, 24, 'SI'),
(16, 26, 'SI'),
(16, 27, 'SI'),
(16, 28, 'SI'),
(16, 29, 'SI'),
(16, 30, 'SI'),
(16, 43, 'SI'),
(16, 60, 'SI'),
(16, 107, 'SI'),
(17, 1, 'SI'),
(17, 2, 'SI'),
(17, 5, 'SI'),
(17, 6, 'N.A.'),
(17, 7, 'SI'),
(17, 9, 'N.A.'),
(17, 10, 'N.A.'),
(17, 11, 'SI'),
(17, 12, 'SI'),
(17, 26, 'SI'),
(17, 27, 'NO'),
(17, 28, 'SI'),
(17, 29, 'SI'),
(17, 30, 'SI'),
(17, 43, 'SI'),
(17, 47, 'SI'),
(17, 48, 'SI'),
(18, 1, 'SI'),
(18, 2, 'SI'),
(18, 5, 'SI'),
(18, 6, 'SI'),
(18, 7, 'SI'),
(18, 11, 'SI'),
(18, 12, 'SI'),
(18, 26, 'SI'),
(18, 27, 'NO'),
(18, 28, 'SI'),
(18, 29, 'SI'),
(18, 30, 'SI'),
(18, 37, 'SI'),
(18, 43, 'SI'),
(18, 44, 'SI'),
(18, 45, 'SI'),
(18, 46, 'NO'),
(19, 1, 'SI'),
(19, 2, 'SI'),
(19, 5, 'SI'),
(19, 6, 'SI'),
(19, 7, 'SI'),
(19, 9, 'SI'),
(19, 10, 'SI'),
(19, 11, 'SI'),
(19, 12, 'SI'),
(19, 16, 'SI'),
(19, 18, 'SI'),
(19, 19, 'SI'),
(19, 26, 'SI'),
(19, 27, 'SI'),
(19, 28, 'SI'),
(19, 29, 'SI'),
(19, 30, 'SI'),
(19, 43, 'SI'),
(19, 114, 'SI'),
(19, 115, 'SI'),
(20, 1, 'SI'),
(20, 2, 'SI'),
(20, 5, 'N.A.'),
(20, 6, 'N.A.'),
(20, 7, 'SI'),
(20, 9, 'N.A.'),
(20, 10, 'N.A.'),
(20, 11, 'SI'),
(20, 12, 'SI'),
(20, 26, 'SI'),
(20, 27, 'SI'),
(20, 28, 'SI'),
(20, 29, 'SI'),
(20, 30, 'SI'),
(20, 43, 'SI'),
(20, 47, 'SI'),
(20, 48, 'SI'),
(21, 1, 'SI'),
(21, 2, 'SI'),
(21, 3, 'SI'),
(21, 4, 'SI'),
(21, 5, 'N.A.'),
(21, 6, 'SI'),
(21, 7, 'SI'),
(21, 8, 'SI'),
(21, 9, 'SI'),
(21, 10, 'SI'),
(21, 11, 'SI'),
(21, 12, 'SI'),
(21, 13, 'SI'),
(21, 14, 'SI'),
(21, 15, 'SI'),
(21, 16, 'SI'),
(21, 17, 'SI'),
(21, 18, 'SI'),
(21, 19, 'SI'),
(21, 20, 'SI'),
(21, 21, 'SI'),
(21, 22, 'SI'),
(21, 23, 'SI'),
(21, 24, 'SI'),
(21, 25, 'SI'),
(21, 26, 'SI'),
(21, 27, 'SI'),
(21, 28, 'SI'),
(22, 1, 'SI'),
(22, 2, 'SI'),
(22, 3, 'SI'),
(22, 4, 'SI'),
(22, 5, 'SI'),
(22, 6, 'NO'),
(22, 7, 'SI'),
(22, 8, 'N.A.'),
(22, 9, 'N.A.'),
(22, 10, 'N.A.'),
(22, 11, 'SI'),
(22, 12, 'SI'),
(22, 13, 'NO'),
(22, 14, 'N.A.'),
(22, 15, 'N.A.'),
(22, 16, 'N.A.'),
(22, 17, 'N.A.'),
(22, 18, 'N.A.'),
(22, 19, 'N.A.'),
(22, 20, 'N.A.'),
(22, 21, 'N.A.'),
(22, 22, 'N.A.'),
(22, 23, 'N.A.'),
(22, 24, 'N.A.'),
(22, 25, 'NO'),
(22, 26, 'SI'),
(22, 27, 'NO'),
(22, 28, 'SI'),
(23, 1, 'SI'),
(23, 2, 'SI'),
(23, 3, 'SI'),
(23, 4, 'N.A.'),
(23, 5, 'NO'),
(23, 6, 'NO'),
(23, 7, 'SI'),
(23, 8, 'N.A.'),
(23, 9, 'N.A.'),
(23, 10, 'N.A.'),
(23, 11, 'SI'),
(23, 12, 'SI'),
(23, 13, 'SI'),
(23, 14, 'N.A.'),
(23, 15, 'N.A.'),
(23, 16, 'SI'),
(23, 17, 'N.A.'),
(23, 18, 'N.A.'),
(23, 19, 'N.A.'),
(23, 20, 'N.A.'),
(23, 21, 'N.A.'),
(23, 22, 'N.A.'),
(23, 23, 'N.A.'),
(23, 24, 'N.A.'),
(23, 25, 'N.A.'),
(23, 26, 'SI'),
(23, 27, 'NO'),
(23, 28, 'SI'),
(24, 1, 'SI'),
(24, 2, 'SI'),
(24, 3, 'SI'),
(24, 4, 'N.A.'),
(24, 5, 'SI'),
(24, 6, 'N.A.'),
(24, 7, 'SI'),
(24, 8, 'N.A.'),
(24, 9, 'N.A.'),
(24, 10, 'N.A.'),
(24, 11, 'SI'),
(24, 12, 'SI'),
(24, 13, 'N.A.'),
(24, 14, 'N.A.'),
(24, 15, 'N.A.'),
(24, 16, 'N.A.'),
(24, 17, 'N.A.'),
(24, 18, 'SI'),
(24, 19, 'SI'),
(24, 20, 'N.A.'),
(24, 21, 'N.A.'),
(24, 22, 'N.A.'),
(24, 23, 'N.A.'),
(24, 24, 'N.A.'),
(24, 25, 'SI'),
(24, 26, 'SI'),
(24, 27, 'NO'),
(24, 28, 'SI'),
(25, 1, 'SI'),
(25, 2, 'SI'),
(25, 3, 'SI'),
(25, 4, 'SI'),
(25, 5, 'SI'),
(25, 6, 'SI'),
(25, 7, 'SI'),
(25, 8, 'SI'),
(25, 9, 'SI'),
(25, 10, 'SI'),
(25, 11, 'SI'),
(25, 12, 'SI'),
(25, 13, 'SI'),
(25, 14, 'SI'),
(25, 15, 'SI'),
(25, 16, 'SI'),
(25, 17, 'SI'),
(25, 18, 'SI'),
(25, 19, 'SI'),
(25, 20, 'SI'),
(25, 21, 'SI'),
(25, 22, 'SI'),
(25, 23, 'SI'),
(25, 24, 'SI'),
(25, 25, 'SI'),
(25, 26, 'SI'),
(25, 27, 'SI'),
(25, 28, 'SI'),
(26, 1, 'SI'),
(26, 2, 'SI'),
(26, 5, 'SI'),
(26, 6, 'N.A.'),
(26, 11, 'SI'),
(26, 12, 'SI'),
(26, 16, 'N.A.'),
(26, 26, 'SI'),
(26, 28, 'NO'),
(26, 29, 'SI'),
(26, 30, 'NO'),
(26, 55, 'SI'),
(26, 56, 'SI'),
(26, 74, 'SI'),
(27, 1, 'SI'),
(27, 2, 'SI'),
(27, 3, 'SI'),
(27, 4, 'SI'),
(27, 5, 'SI'),
(27, 6, 'SI'),
(27, 7, 'SI'),
(27, 8, 'SI'),
(27, 9, 'SI'),
(27, 10, 'SI'),
(27, 11, 'SI'),
(27, 12, 'SI'),
(27, 13, 'SI'),
(27, 14, 'SI'),
(27, 15, 'SI'),
(27, 16, 'SI'),
(27, 17, 'SI'),
(27, 18, 'SI'),
(27, 19, 'SI'),
(27, 20, 'SI'),
(27, 21, 'SI'),
(27, 22, 'SI'),
(27, 23, 'SI'),
(27, 24, 'SI'),
(27, 25, 'SI'),
(27, 26, 'SI'),
(27, 27, 'SI'),
(27, 28, 'SI'),
(28, 1, 'SI'),
(28, 2, 'SI'),
(28, 5, 'SI'),
(28, 6, 'SI'),
(28, 7, 'SI'),
(28, 11, 'SI'),
(28, 12, 'SI'),
(28, 26, 'SI'),
(28, 27, 'NO'),
(28, 28, 'SI'),
(28, 29, 'SI'),
(28, 30, 'SI'),
(28, 43, 'SI'),
(28, 49, 'SI'),
(28, 50, 'SI'),
(28, 51, 'SI'),
(28, 52, 'SI'),
(28, 53, 'SI'),
(28, 54, 'SI'),
(29, 1, 'SI'),
(29, 2, 'SI'),
(29, 3, 'SI'),
(29, 4, 'SI'),
(29, 5, 'SI'),
(29, 6, 'SI'),
(29, 7, 'SI'),
(29, 8, 'SI'),
(29, 9, 'SI'),
(29, 10, 'SI'),
(29, 11, 'SI'),
(29, 12, 'SI'),
(29, 13, 'SI'),
(29, 14, 'SI'),
(29, 15, 'SI'),
(29, 16, 'SI'),
(29, 17, 'N.A.'),
(29, 18, 'SI'),
(29, 19, 'SI'),
(29, 20, 'SI'),
(29, 21, 'SI'),
(29, 22, 'SI'),
(29, 23, 'SI'),
(29, 24, 'SI'),
(29, 25, 'SI'),
(29, 26, 'SI'),
(29, 27, 'SI'),
(29, 28, 'SI'),
(30, 1, 'SI'),
(30, 2, 'SI'),
(30, 3, 'SI'),
(30, 4, 'SI'),
(30, 5, 'SI'),
(30, 6, 'SI'),
(30, 7, 'SI'),
(30, 8, 'N.A.'),
(30, 9, 'N.A.'),
(30, 10, 'N.A.'),
(30, 11, 'SI'),
(30, 12, 'SI'),
(30, 13, 'N.A.'),
(30, 14, 'N.A.'),
(30, 15, 'N.A.'),
(30, 16, 'SI'),
(30, 17, 'N.A.'),
(30, 18, 'SI'),
(30, 19, 'SI'),
(30, 20, 'N.A.'),
(30, 21, 'N.A.'),
(30, 22, 'N.A.'),
(30, 23, 'N.A.'),
(30, 24, 'N.A.'),
(30, 25, 'SI'),
(30, 26, 'SI'),
(30, 27, 'NO'),
(30, 28, 'SI'),
(31, 1, 'SI'),
(31, 2, 'SI'),
(31, 3, 'SI'),
(31, 4, 'SI'),
(31, 5, 'SI'),
(31, 6, 'SI'),
(31, 7, 'SI'),
(31, 8, 'SI'),
(31, 9, 'SI'),
(31, 10, 'SI'),
(31, 11, 'SI'),
(31, 12, 'SI'),
(31, 13, 'SI'),
(31, 14, 'SI'),
(31, 15, 'SI'),
(31, 16, 'SI'),
(31, 17, 'SI'),
(31, 18, 'SI'),
(31, 19, 'SI'),
(31, 20, 'SI'),
(31, 21, 'SI'),
(31, 22, 'SI'),
(31, 23, 'SI'),
(31, 24, 'SI'),
(31, 25, 'SI'),
(31, 26, 'SI'),
(31, 27, 'SI'),
(31, 28, 'SI'),
(32, 1, 'SI'),
(32, 2, 'SI'),
(32, 4, 'SI'),
(32, 5, 'SI'),
(32, 6, 'NO'),
(32, 11, 'SI'),
(32, 12, 'SI'),
(32, 13, 'N.A.'),
(32, 18, 'N.A.'),
(32, 19, 'N.A.'),
(32, 20, 'N.A.'),
(32, 25, 'SI'),
(32, 26, 'SI'),
(32, 28, 'SI'),
(32, 29, 'SI'),
(32, 33, 'N.A.'),
(32, 35, 'SI'),
(32, 36, 'SI'),
(32, 37, 'SI'),
(33, 1, 'SI'),
(33, 2, 'SI'),
(33, 3, 'SI'),
(33, 4, 'SI'),
(33, 5, 'SI'),
(33, 6, 'SI'),
(33, 7, 'SI'),
(33, 8, 'SI'),
(33, 9, 'SI'),
(33, 10, 'SI'),
(33, 11, 'SI'),
(33, 12, 'SI'),
(33, 13, 'SI'),
(33, 14, 'SI'),
(33, 15, 'SI'),
(33, 16, 'SI'),
(33, 17, 'SI'),
(33, 18, 'SI'),
(33, 19, 'SI'),
(33, 20, 'SI'),
(33, 21, 'SI'),
(33, 22, 'SI'),
(33, 23, 'SI'),
(33, 24, 'SI'),
(33, 25, 'SI'),
(33, 26, 'SI'),
(33, 27, 'SI'),
(33, 28, 'SI'),
(34, 1, 'SI'),
(34, 2, 'SI'),
(34, 3, 'SI'),
(34, 4, 'SI'),
(34, 5, 'SI'),
(34, 6, 'N.A.'),
(34, 7, 'SI'),
(34, 8, 'SI'),
(34, 9, 'SI'),
(34, 10, 'SI'),
(34, 11, 'SI'),
(34, 12, 'SI'),
(34, 13, 'SI'),
(34, 14, 'SI'),
(34, 15, 'SI'),
(34, 16, 'SI'),
(34, 17, 'SI'),
(34, 18, 'SI'),
(34, 19, 'SI'),
(34, 20, 'SI'),
(34, 21, 'SI'),
(34, 22, 'SI'),
(34, 23, 'SI'),
(34, 24, 'SI'),
(34, 25, 'SI'),
(34, 26, 'SI'),
(34, 27, 'SI'),
(34, 28, 'SI'),
(35, 1, 'SI'),
(35, 2, 'SI'),
(35, 3, 'N.A.'),
(35, 4, 'N.A.'),
(35, 5, 'N.A.'),
(35, 6, 'N.A.'),
(35, 7, 'N.A.'),
(35, 8, 'N.A.'),
(35, 9, 'N.A.'),
(35, 10, 'N.A.'),
(35, 11, 'SI'),
(35, 12, 'N.A.'),
(35, 13, 'N.A.'),
(35, 14, 'N.A.'),
(35, 15, 'N.A.'),
(35, 16, 'N.A.'),
(35, 17, 'N.A.'),
(35, 18, 'N.A.'),
(35, 19, 'N.A.'),
(35, 20, 'N.A.'),
(35, 21, 'N.A.'),
(35, 22, 'N.A.'),
(35, 23, 'N.A.'),
(35, 24, 'SI'),
(35, 25, 'N.A.'),
(35, 26, 'SI'),
(35, 27, 'NO'),
(35, 28, 'SI'),
(36, 1, 'SI'),
(36, 2, 'SI'),
(36, 6, 'SI'),
(36, 11, 'SI'),
(36, 12, 'SI'),
(36, 26, 'SI'),
(36, 28, 'SI'),
(36, 29, 'SI'),
(36, 30, 'SI'),
(36, 101, 'SI'),
(36, 102, 'SI'),
(36, 103, 'SI'),
(36, 104, 'SI'),
(36, 105, 'N.A.'),
(36, 106, 'SI'),
(37, 1, 'SI'),
(37, 2, 'SI'),
(37, 5, 'SI'),
(37, 6, 'SI'),
(37, 11, 'SI'),
(37, 17, 'SI'),
(37, 26, 'SI'),
(37, 28, 'SI'),
(37, 29, 'SI'),
(37, 30, 'SI'),
(37, 57, 'SI'),
(37, 58, 'SI'),
(37, 59, 'SI'),
(38, 1, 'SI'),
(38, 2, 'SI'),
(38, 5, 'SI'),
(38, 6, 'SI'),
(38, 11, 'SI'),
(38, 12, 'SI'),
(38, 25, 'SI'),
(38, 26, 'SI'),
(38, 27, 'SI'),
(38, 28, 'SI'),
(38, 29, 'SI'),
(38, 30, 'SI'),
(38, 43, 'SI'),
(38, 108, 'SI'),
(38, 109, 'SI'),
(38, 110, 'SI'),
(38, 111, 'SI'),
(38, 112, 'SI'),
(38, 113, 'SI'),
(39, 1, 'SI'),
(39, 2, 'SI'),
(39, 3, 'N.A.'),
(39, 4, 'N.A.'),
(39, 5, 'SI'),
(39, 6, 'N.A.'),
(39, 7, 'SI'),
(39, 8, 'N.A.'),
(39, 9, 'N.A.'),
(39, 10, 'N.A.'),
(39, 11, 'SI'),
(39, 12, 'SI'),
(39, 13, 'SI'),
(39, 14, 'SI'),
(39, 15, 'SI'),
(39, 16, 'N.A.'),
(39, 17, 'N.A.'),
(39, 18, 'SI'),
(39, 19, 'N.A.'),
(39, 20, 'NO'),
(39, 21, 'N.A.'),
(39, 22, 'N.A.'),
(39, 23, 'N.A.'),
(39, 24, 'SI'),
(39, 25, 'NO'),
(39, 26, 'SI'),
(39, 27, 'NO'),
(39, 28, 'SI'),
(40, 1, 'SI'),
(40, 2, 'SI'),
(40, 3, 'SI'),
(40, 4, 'SI'),
(40, 5, 'SI'),
(40, 6, 'SI'),
(40, 7, 'SI'),
(40, 8, 'SI'),
(40, 9, 'SI'),
(40, 10, 'SI'),
(40, 11, 'SI'),
(40, 12, 'SI'),
(40, 13, 'SI'),
(40, 14, 'SI'),
(40, 15, 'SI'),
(40, 16, 'SI'),
(40, 17, 'SI'),
(40, 18, 'SI'),
(40, 19, 'SI'),
(40, 20, 'SI'),
(40, 21, 'SI'),
(40, 22, 'SI'),
(40, 23, 'SI'),
(40, 24, 'SI'),
(40, 25, 'SI'),
(40, 26, 'SI'),
(40, 27, 'SI'),
(40, 28, 'SI'),
(41, 1, 'SI'),
(41, 2, 'SI'),
(41, 5, 'SI'),
(41, 6, 'SI'),
(41, 7, 'SI'),
(41, 11, 'SI'),
(41, 12, 'SI'),
(41, 26, 'SI'),
(41, 27, 'SI'),
(41, 28, 'SI'),
(41, 29, 'SI'),
(41, 30, 'SI'),
(41, 43, 'SI'),
(41, 49, 'SI'),
(41, 50, 'SI'),
(41, 51, 'SI'),
(41, 52, 'SI'),
(41, 53, 'SI'),
(41, 54, 'SI'),
(42, 1, 'SI'),
(42, 2, 'SI'),
(42, 5, 'SI'),
(42, 6, 'SI'),
(42, 7, 'SI'),
(42, 9, 'SI'),
(42, 10, 'SI'),
(42, 11, 'SI'),
(42, 12, 'SI'),
(42, 25, 'SI'),
(42, 26, 'SI'),
(42, 27, 'SI'),
(42, 28, 'SI'),
(42, 29, 'SI'),
(42, 30, 'SI'),
(42, 43, 'SI'),
(42, 97, 'SI'),
(42, 98, 'SI'),
(43, 1, 'SI'),
(43, 2, 'SI'),
(43, 3, 'SI'),
(43, 4, 'N.A.'),
(43, 5, 'N.A.'),
(43, 6, 'N.A.'),
(43, 7, 'N.A.'),
(43, 8, 'SI'),
(43, 9, 'N.A.'),
(43, 10, 'SI'),
(43, 11, 'SI'),
(43, 12, 'N.A.'),
(43, 13, 'N.A.'),
(43, 14, 'N.A.'),
(43, 15, 'N.A.'),
(43, 16, 'N.A.'),
(43, 17, 'SI'),
(43, 18, 'N.A.'),
(43, 19, 'N.A.'),
(43, 20, 'N.A.'),
(43, 21, 'N.A.'),
(43, 22, 'N.A.'),
(43, 23, 'N.A.'),
(43, 24, 'N.A.'),
(43, 25, 'N.A.'),
(43, 26, 'SI'),
(43, 27, 'N.A.'),
(43, 28, 'SI'),
(44, 1, 'SI'),
(44, 2, 'SI'),
(44, 5, 'SI'),
(44, 6, 'SI'),
(44, 7, 'SI'),
(44, 9, 'SI'),
(44, 10, 'SI'),
(44, 11, 'SI'),
(44, 12, 'SI'),
(44, 13, 'SI'),
(44, 22, 'SI'),
(44, 24, 'SI'),
(44, 25, 'SI'),
(44, 26, 'SI'),
(44, 27, 'NO'),
(44, 28, 'SI'),
(44, 29, 'SI'),
(44, 30, 'SI'),
(44, 43, 'SI'),
(44, 60, 'SI'),
(44, 61, 'SI'),
(44, 62, 'SI'),
(44, 63, 'SI'),
(44, 64, 'SI'),
(44, 65, 'SI'),
(44, 66, 'SI'),
(45, 1, 'SI'),
(45, 2, 'SI'),
(45, 5, 'SI'),
(45, 6, 'SI'),
(45, 7, 'SI'),
(45, 9, 'SI'),
(45, 10, 'SI'),
(45, 11, 'SI'),
(45, 12, 'SI'),
(45, 25, 'SI'),
(45, 26, 'SI'),
(45, 27, 'SI'),
(45, 28, 'SI'),
(45, 29, 'SI'),
(45, 30, 'SI'),
(45, 43, 'SI'),
(45, 97, 'SI'),
(45, 98, 'SI'),
(46, 1, 'SI'),
(46, 2, 'SI'),
(46, 5, 'SI'),
(46, 6, 'SI'),
(46, 11, 'SI'),
(46, 26, 'SI'),
(46, 28, 'SI'),
(46, 29, 'SI'),
(46, 30, 'SI'),
(46, 67, 'SI'),
(47, 1, 'SI'),
(47, 2, 'SI'),
(47, 3, 'SI'),
(47, 4, 'N.A.'),
(47, 5, 'SI'),
(47, 6, 'N.A.'),
(47, 7, 'SI'),
(47, 8, 'N.A.'),
(47, 9, 'N.A.'),
(47, 10, 'N.A.'),
(47, 11, 'SI'),
(47, 12, 'SI'),
(47, 13, 'N.A.'),
(47, 14, 'N.A.'),
(47, 15, 'N.A.'),
(47, 16, 'N.A.'),
(47, 17, 'N.A.'),
(47, 18, 'N.A.'),
(47, 19, 'N.A.'),
(47, 20, 'N.A.'),
(47, 21, 'SI'),
(47, 22, 'N.A.'),
(47, 23, 'N.A.'),
(47, 24, 'SI'),
(47, 25, 'N.A.'),
(47, 26, 'SI'),
(47, 27, 'NO'),
(47, 28, 'SI'),
(48, 1, 'SI'),
(48, 2, 'SI'),
(48, 3, 'SI'),
(48, 4, 'SI'),
(48, 5, 'SI'),
(48, 6, 'SI'),
(48, 7, 'SI'),
(48, 8, 'SI'),
(48, 9, 'SI'),
(48, 10, 'SI'),
(48, 11, 'SI'),
(48, 12, 'SI'),
(48, 13, 'SI'),
(48, 14, 'SI'),
(48, 15, 'SI'),
(48, 16, 'SI'),
(48, 17, 'SI'),
(48, 18, 'SI'),
(48, 19, 'SI'),
(48, 20, 'SI'),
(48, 21, 'SI'),
(48, 22, 'SI'),
(48, 23, 'SI'),
(48, 24, 'SI'),
(48, 25, 'SI'),
(48, 26, 'SI'),
(48, 27, 'SI'),
(48, 28, 'SI'),
(49, 1, 'SI'),
(49, 2, 'SI'),
(49, 3, 'SI'),
(49, 4, 'SI'),
(49, 5, 'SI'),
(49, 6, 'N.A.'),
(49, 7, 'SI'),
(49, 8, 'SI'),
(49, 9, 'SI'),
(49, 10, 'SI'),
(49, 11, 'SI'),
(49, 12, 'SI'),
(49, 13, 'SI'),
(49, 14, 'SI'),
(49, 15, 'SI'),
(49, 16, 'SI'),
(49, 17, 'SI'),
(49, 18, 'SI'),
(49, 19, 'SI'),
(49, 20, 'SI'),
(49, 21, 'SI'),
(49, 22, 'SI'),
(49, 23, 'SI'),
(49, 24, 'SI'),
(49, 25, 'SI'),
(49, 26, 'SI'),
(49, 27, 'SI'),
(49, 28, 'SI'),
(50, 1, 'SI'),
(50, 2, 'SI'),
(50, 3, 'SI'),
(50, 4, 'N.A.'),
(50, 5, 'SI'),
(50, 6, 'SI'),
(50, 7, 'SI'),
(50, 8, 'N.A.'),
(50, 9, 'N.A.'),
(50, 10, 'N.A.'),
(50, 11, 'SI'),
(50, 12, 'SI'),
(50, 13, 'N.A.'),
(50, 14, 'SI'),
(50, 15, 'SI'),
(50, 16, 'N.A.'),
(50, 17, 'SI'),
(50, 18, 'N.A.'),
(50, 19, 'N.A.'),
(50, 20, 'N.A.'),
(50, 21, 'SI'),
(50, 22, 'N.A.'),
(50, 23, 'N.A.'),
(50, 24, 'SI'),
(50, 25, 'N.A.'),
(50, 26, 'SI'),
(50, 27, 'NO'),
(50, 28, 'SI'),
(51, 1, 'SI'),
(51, 2, 'SI'),
(51, 3, 'SI'),
(51, 4, 'SI'),
(51, 5, 'SI'),
(51, 6, 'SI'),
(51, 7, 'SI'),
(51, 8, 'SI'),
(51, 9, 'SI'),
(51, 10, 'SI'),
(51, 11, 'SI'),
(51, 12, 'SI'),
(51, 13, 'SI'),
(51, 14, 'SI'),
(51, 15, 'SI'),
(51, 16, 'SI'),
(51, 17, 'SI'),
(51, 18, 'SI'),
(51, 19, 'SI'),
(51, 20, 'SI'),
(51, 21, 'SI'),
(51, 22, 'SI'),
(51, 23, 'SI'),
(51, 24, 'SI'),
(51, 25, 'SI'),
(51, 26, 'SI'),
(51, 27, 'SI'),
(51, 28, 'SI'),
(52, 1, 'SI'),
(52, 2, 'SI'),
(52, 3, 'N.A.'),
(52, 4, 'N.A.'),
(52, 5, 'SI'),
(52, 6, 'SI'),
(52, 7, 'SI'),
(52, 8, 'N.A.'),
(52, 9, 'N.A.'),
(52, 10, 'N.A.'),
(52, 11, 'SI'),
(52, 12, 'SI'),
(52, 13, 'N.A.'),
(52, 14, 'N.A.'),
(52, 15, 'N.A.'),
(52, 16, 'N.A.'),
(52, 17, 'N.A.'),
(52, 18, 'N.A.'),
(52, 19, 'N.A.'),
(52, 20, 'N.A.'),
(52, 21, 'SI'),
(52, 22, 'N.A.'),
(52, 23, 'N.A.'),
(52, 24, 'SI'),
(52, 25, 'NO'),
(52, 26, 'SI'),
(52, 27, 'NO'),
(52, 28, 'SI'),
(53, 1, 'SI'),
(53, 2, 'SI'),
(53, 3, 'SI'),
(53, 4, 'N.A.'),
(53, 5, 'SI'),
(53, 6, 'SI'),
(53, 7, 'SI'),
(53, 8, 'N.A.'),
(53, 9, 'N.A.'),
(53, 10, 'N.A.'),
(53, 11, 'SI'),
(53, 12, 'SI'),
(53, 13, 'N.A.'),
(53, 14, 'N.A.'),
(53, 15, 'N.A.'),
(53, 16, 'N.A.'),
(53, 17, 'N.A.'),
(53, 18, 'N.A.'),
(53, 19, 'N.A.'),
(53, 20, 'N.A.'),
(53, 21, 'SI'),
(53, 22, 'SI'),
(53, 23, 'N.A.'),
(53, 24, 'N.A.'),
(53, 25, 'N.A.'),
(53, 26, 'SI'),
(53, 27, 'NO'),
(53, 28, 'SI'),
(54, 1, 'SI'),
(54, 2, 'SI'),
(54, 3, 'SI'),
(54, 4, 'SI'),
(54, 5, 'SI'),
(54, 6, 'SI'),
(54, 7, 'SI'),
(54, 8, 'SI'),
(54, 9, 'SI'),
(54, 10, 'SI'),
(54, 11, 'SI'),
(54, 12, 'SI'),
(54, 13, 'SI'),
(54, 14, 'SI'),
(54, 15, 'SI'),
(54, 16, 'SI'),
(54, 17, 'SI'),
(54, 18, 'SI'),
(54, 19, 'SI'),
(54, 20, 'SI'),
(54, 21, 'SI'),
(54, 22, 'SI'),
(54, 23, 'SI'),
(54, 24, 'SI'),
(54, 25, 'SI'),
(54, 26, 'SI'),
(54, 27, 'SI'),
(54, 28, 'SI'),
(55, 1, 'SI'),
(55, 2, 'SI'),
(55, 5, 'SI'),
(55, 6, 'SI'),
(55, 7, 'SI'),
(55, 9, 'N.A.'),
(55, 10, 'N.A.'),
(55, 11, 'SI'),
(55, 12, 'SI'),
(55, 13, 'SI'),
(55, 21, 'SI'),
(55, 24, 'SI'),
(55, 25, 'N.A.'),
(55, 26, 'SI'),
(55, 27, 'SI'),
(55, 28, 'SI'),
(55, 29, 'SI'),
(55, 30, 'SI'),
(55, 43, 'NO'),
(55, 60, 'SI'),
(55, 63, 'SI'),
(55, 79, 'SI'),
(55, 80, 'SI'),
(56, 1, 'SI'),
(56, 2, 'SI'),
(56, 5, 'N.A.'),
(56, 6, 'SI'),
(56, 7, 'SI'),
(56, 9, 'SI'),
(56, 10, 'SI'),
(56, 11, 'SI'),
(56, 12, 'SI'),
(56, 24, 'SI'),
(56, 25, 'SI'),
(56, 26, 'SI'),
(56, 27, 'SI'),
(56, 28, 'SI'),
(56, 29, 'SI'),
(56, 30, 'SI'),
(56, 43, 'SI'),
(56, 65, 'SI'),
(56, 80, 'SI'),
(56, 100, 'SI'),
(57, 1, 'SI'),
(57, 2, 'SI'),
(57, 5, 'SI'),
(57, 6, 'SI'),
(57, 7, 'SI'),
(57, 9, 'N.A.'),
(57, 10, 'N.A.'),
(57, 11, 'SI'),
(57, 12, 'SI'),
(57, 14, 'SI'),
(57, 15, 'SI'),
(57, 18, 'SI'),
(57, 19, 'SI'),
(57, 24, 'SI'),
(57, 26, 'SI'),
(57, 27, 'SI'),
(57, 28, 'SI'),
(57, 29, 'SI'),
(57, 30, 'SI'),
(57, 43, 'SI'),
(57, 63, 'SI'),
(57, 68, 'SI'),
(57, 69, 'SI'),
(57, 70, 'SI'),
(57, 71, 'SI'),
(57, 72, 'SI'),
(57, 73, 'SI'),
(58, 1, 'SI'),
(58, 2, 'SI'),
(58, 3, 'SI'),
(58, 4, 'SI'),
(58, 5, 'SI'),
(58, 6, 'SI'),
(58, 7, 'SI'),
(58, 8, 'N.A.'),
(58, 9, 'N.A.'),
(58, 10, 'N.A.'),
(58, 11, 'SI'),
(58, 12, 'SI'),
(58, 13, 'SI'),
(58, 14, 'SI'),
(58, 15, 'SI'),
(58, 16, 'N.A.'),
(58, 17, 'N.A.'),
(58, 18, 'SI'),
(58, 19, 'SI'),
(58, 20, 'N.A.'),
(58, 21, 'SI'),
(58, 22, 'N.A.'),
(58, 23, 'N.A.'),
(58, 24, 'SI'),
(58, 25, 'N.A.'),
(58, 26, 'SI'),
(58, 27, 'NO'),
(58, 28, 'SI'),
(59, 1, 'SI'),
(59, 2, 'SI'),
(59, 3, 'SI'),
(59, 4, 'SI'),
(59, 5, 'SI'),
(59, 6, 'SI'),
(59, 7, 'SI'),
(59, 8, 'SI'),
(59, 9, 'SI'),
(59, 10, 'SI'),
(59, 11, 'SI'),
(59, 12, 'SI'),
(59, 13, 'SI'),
(59, 14, 'SI'),
(59, 15, 'SI'),
(59, 16, 'SI'),
(59, 17, 'SI'),
(59, 18, 'SI'),
(59, 19, 'SI'),
(59, 20, 'SI'),
(59, 21, 'SI'),
(59, 22, 'SI'),
(59, 23, 'SI'),
(59, 24, 'SI'),
(59, 25, 'SI'),
(59, 26, 'SI'),
(59, 27, 'SI'),
(59, 28, 'SI'),
(60, 1, 'SI'),
(60, 2, 'SI'),
(60, 3, 'SI'),
(60, 4, 'SI'),
(60, 5, 'SI'),
(60, 6, 'SI'),
(60, 7, 'SI'),
(60, 8, 'SI'),
(60, 9, 'SI'),
(60, 10, 'SI'),
(60, 11, 'SI'),
(60, 12, 'SI'),
(60, 13, 'SI'),
(60, 14, 'SI'),
(60, 15, 'SI'),
(60, 16, 'SI'),
(60, 17, 'SI'),
(60, 18, 'SI'),
(60, 19, 'SI'),
(60, 20, 'SI'),
(60, 21, 'SI'),
(60, 22, 'SI'),
(60, 23, 'SI'),
(60, 24, 'SI'),
(60, 25, 'SI'),
(60, 26, 'SI'),
(60, 27, 'SI'),
(60, 28, 'SI'),
(61, 1, 'SI'),
(61, 2, 'SI'),
(61, 3, 'SI'),
(61, 4, 'N.A.'),
(61, 5, 'SI'),
(61, 6, 'SI'),
(61, 7, 'SI'),
(61, 8, 'N.A.'),
(61, 9, 'N.A.'),
(61, 10, 'N.A.'),
(61, 11, 'SI'),
(61, 12, 'SI'),
(61, 13, 'SI'),
(61, 14, 'SI'),
(61, 15, 'SI'),
(61, 16, 'N.A.'),
(61, 17, 'SI'),
(61, 18, 'SI'),
(61, 19, 'SI'),
(61, 20, 'N.A.'),
(61, 21, 'SI'),
(61, 22, 'N.A.'),
(61, 23, 'N.A.'),
(61, 24, 'SI'),
(61, 25, 'NO'),
(61, 26, 'SI'),
(61, 27, 'NO'),
(61, 28, 'SI'),
(62, 1, 'SI'),
(62, 2, 'SI'),
(62, 3, 'SI'),
(62, 4, 'N.A.'),
(62, 5, 'SI'),
(62, 6, 'SI'),
(62, 7, 'SI'),
(62, 8, 'N.A.'),
(62, 9, 'N.A.'),
(62, 10, 'N.A.'),
(62, 11, 'SI'),
(62, 12, 'SI'),
(62, 13, 'N.A.'),
(62, 14, 'N.A.'),
(62, 15, 'N.A.'),
(62, 16, 'N.A.'),
(62, 17, 'N.A.'),
(62, 18, 'N.A.'),
(62, 19, 'N.A.'),
(62, 20, 'N.A.'),
(62, 21, 'SI'),
(62, 22, 'N.A.'),
(62, 23, 'N.A.'),
(62, 24, 'N.A.'),
(62, 25, 'N.A.'),
(62, 26, 'SI'),
(62, 27, 'NO'),
(62, 28, 'SI'),
(63, 1, 'SI'),
(63, 2, 'SI'),
(63, 3, 'SI'),
(63, 4, 'SI'),
(63, 5, 'SI'),
(63, 6, 'N.A.'),
(63, 7, 'SI'),
(63, 8, 'SI'),
(63, 9, 'SI'),
(63, 10, 'SI'),
(63, 11, 'SI'),
(63, 12, 'SI'),
(63, 13, 'SI'),
(63, 14, 'SI'),
(63, 15, 'SI'),
(63, 16, 'SI'),
(63, 17, 'SI'),
(63, 18, 'SI'),
(63, 19, 'SI'),
(63, 20, 'SI'),
(63, 21, 'SI'),
(63, 22, 'SI'),
(63, 23, 'SI'),
(63, 24, 'SI'),
(63, 25, 'SI'),
(63, 26, 'SI'),
(63, 27, 'SI'),
(63, 28, 'SI'),
(64, 1, 'SI'),
(64, 2, 'SI'),
(64, 3, 'SI'),
(64, 4, 'SI'),
(64, 5, 'SI'),
(64, 6, 'SI'),
(64, 7, 'SI'),
(64, 8, 'SI'),
(64, 9, 'SI'),
(64, 10, 'SI'),
(64, 11, 'SI'),
(64, 12, 'SI'),
(64, 13, 'SI'),
(64, 14, 'SI'),
(64, 15, 'SI'),
(64, 16, 'SI'),
(64, 17, 'SI'),
(64, 18, 'SI'),
(64, 19, 'SI'),
(64, 20, 'SI'),
(64, 21, 'SI'),
(64, 22, 'SI'),
(64, 23, 'SI'),
(64, 24, 'SI'),
(64, 25, 'SI'),
(64, 26, 'SI'),
(64, 27, 'SI'),
(64, 28, 'SI'),
(65, 1, 'SI'),
(65, 2, 'SI'),
(65, 3, 'N.A.'),
(65, 4, 'N.A.'),
(65, 5, 'N.A.'),
(65, 6, 'N.A.'),
(65, 7, 'N.A.'),
(65, 8, 'N.A.'),
(65, 9, 'N.A.'),
(65, 10, 'N.A.'),
(65, 11, 'N.A.'),
(65, 12, 'N.A.'),
(65, 13, 'N.A.'),
(65, 14, 'N.A.'),
(65, 15, 'N.A.'),
(65, 16, 'N.A.'),
(65, 17, 'N.A.'),
(65, 18, 'N.A.'),
(65, 19, 'N.A.'),
(65, 20, 'N.A.'),
(65, 21, 'N.A.'),
(65, 22, 'N.A.'),
(65, 23, 'N.A.'),
(65, 24, 'SI'),
(65, 25, 'N.A.'),
(65, 26, 'SI'),
(65, 27, 'N.A.'),
(65, 28, 'SI'),
(66, 1, 'SI'),
(66, 2, 'SI'),
(66, 4, 'SI'),
(66, 5, 'SI'),
(66, 6, 'SI'),
(66, 11, 'SI'),
(66, 12, 'SI'),
(66, 13, 'N.A.'),
(66, 18, 'SI'),
(66, 19, 'SI'),
(66, 20, 'SI'),
(66, 25, 'N.A.'),
(66, 26, 'SI'),
(66, 28, 'SI'),
(66, 29, 'SI'),
(66, 33, 'N.A.'),
(66, 35, 'SI'),
(66, 36, 'SI'),
(66, 37, 'SI'),
(67, 1, 'SI'),
(67, 2, 'SI'),
(67, 3, 'SI'),
(67, 4, 'SI'),
(67, 5, 'SI'),
(67, 6, 'SI'),
(67, 7, 'SI'),
(67, 8, 'SI'),
(67, 9, 'SI'),
(67, 10, 'SI'),
(67, 11, 'SI'),
(67, 12, 'SI'),
(67, 13, 'SI'),
(67, 14, 'SI'),
(67, 15, 'SI'),
(67, 16, 'SI'),
(67, 17, 'SI'),
(67, 18, 'SI'),
(67, 19, 'SI'),
(67, 20, 'SI'),
(67, 21, 'SI'),
(67, 22, 'SI'),
(67, 23, 'SI'),
(67, 24, 'SI'),
(67, 25, 'SI'),
(67, 26, 'SI'),
(67, 27, 'SI'),
(67, 28, 'SI'),
(68, 1, 'SI'),
(68, 2, 'SI'),
(68, 5, 'SI'),
(68, 6, 'SI'),
(68, 11, 'SI'),
(68, 12, 'SI'),
(68, 18, 'SI'),
(68, 19, 'SI'),
(68, 26, 'SI'),
(68, 28, 'SI'),
(68, 29, 'SI'),
(68, 30, 'SI'),
(68, 81, 'SI'),
(68, 82, 'SI'),
(68, 83, 'SI'),
(69, 1, 'SI'),
(69, 2, 'SI'),
(69, 5, 'SI'),
(69, 6, 'SI'),
(69, 7, 'SI'),
(69, 9, 'SI'),
(69, 10, 'SI'),
(69, 11, 'SI'),
(69, 12, 'SI'),
(69, 13, 'SI'),
(69, 21, 'SI'),
(69, 24, 'SI'),
(69, 25, 'SI'),
(69, 26, 'SI'),
(69, 27, 'SI'),
(69, 28, 'SI'),
(69, 29, 'SI'),
(69, 30, 'SI'),
(69, 43, 'SI'),
(69, 60, 'SI'),
(69, 63, 'SI'),
(69, 64, 'SI'),
(69, 65, 'SI'),
(69, 94, 'SI'),
(69, 95, 'SI'),
(69, 96, 'SI'),
(70, 1, 'SI'),
(70, 2, 'SI'),
(70, 5, 'SI'),
(70, 6, 'SI'),
(70, 11, 'SI'),
(70, 12, 'SI'),
(70, 18, 'SI'),
(70, 19, 'SI'),
(70, 26, 'SI'),
(70, 28, 'SI'),
(70, 29, 'SI'),
(70, 30, 'SI'),
(70, 81, 'SI'),
(70, 83, 'SI'),
(70, 84, 'SI'),
(71, 1, 'SI'),
(71, 2, 'SI'),
(71, 5, 'SI'),
(71, 6, 'SI'),
(71, 7, 'SI'),
(71, 11, 'SI'),
(71, 12, 'SI'),
(71, 26, 'SI'),
(71, 27, 'SI'),
(71, 28, 'SI'),
(71, 29, 'SI'),
(71, 30, 'SI'),
(71, 43, 'SI'),
(71, 90, 'SI'),
(71, 91, 'SI'),
(71, 92, 'SI'),
(71, 93, 'SI'),
(72, 1, 'SI'),
(72, 2, 'SI'),
(72, 4, 'SI'),
(72, 5, 'SI'),
(72, 6, 'SI'),
(72, 11, 'SI'),
(72, 12, 'SI'),
(72, 13, 'SI'),
(72, 18, 'SI'),
(72, 19, 'SI'),
(72, 20, 'SI'),
(72, 25, 'SI'),
(72, 26, 'SI'),
(72, 28, 'SI'),
(72, 29, 'SI'),
(72, 33, 'SI'),
(72, 35, 'SI'),
(72, 36, 'SI'),
(72, 37, 'SI'),
(73, 1, 'SI'),
(73, 2, 'SI'),
(73, 3, 'N.A.'),
(73, 4, 'N.A.'),
(73, 5, 'SI'),
(73, 6, 'SI'),
(73, 7, 'SI'),
(73, 8, 'N.A.'),
(73, 9, 'N.A.'),
(73, 10, 'N.A.'),
(73, 11, 'SI'),
(73, 12, 'SI'),
(73, 13, 'N.A.'),
(73, 14, 'N.A.'),
(73, 15, 'N.A.'),
(73, 16, 'SI'),
(73, 17, 'SI'),
(73, 18, 'N.A.'),
(73, 19, 'N.A.'),
(73, 20, 'N.A.'),
(73, 21, 'N.A.'),
(73, 22, 'N.A.'),
(73, 23, 'N.A.'),
(73, 24, 'SI'),
(73, 25, 'N.A.'),
(73, 26, 'SI'),
(73, 27, 'NO'),
(73, 28, 'SI'),
(74, 1, 'SI'),
(74, 2, 'SI'),
(74, 3, 'SI'),
(74, 4, 'SI'),
(74, 5, 'SI'),
(74, 6, 'SI'),
(74, 7, 'SI'),
(74, 8, 'SI'),
(74, 9, 'SI'),
(74, 10, 'SI'),
(74, 11, 'SI'),
(74, 12, 'SI'),
(74, 13, 'SI'),
(74, 14, 'SI'),
(74, 15, 'SI'),
(74, 16, 'SI'),
(74, 17, 'SI'),
(74, 18, 'SI'),
(74, 19, 'SI'),
(74, 20, 'SI'),
(74, 21, 'SI'),
(74, 22, 'SI'),
(74, 23, 'SI'),
(74, 24, 'SI'),
(74, 25, 'SI'),
(74, 26, 'SI'),
(74, 27, 'SI'),
(74, 28, 'SI'),
(75, 1, 'SI'),
(75, 2, 'SI'),
(75, 5, 'SI'),
(75, 6, 'SI'),
(75, 7, 'SI'),
(75, 9, 'N.A.'),
(75, 10, 'N.A.'),
(75, 11, 'SI'),
(75, 12, 'SI'),
(75, 16, 'SI'),
(75, 19, 'SI'),
(75, 26, 'SI'),
(75, 27, 'SI'),
(75, 28, 'SI'),
(75, 29, 'SI'),
(75, 30, 'SI'),
(75, 43, 'SI'),
(75, 85, 'SI'),
(75, 86, 'SI'),
(76, 1, 'SI'),
(76, 2, 'SI'),
(76, 5, 'SI'),
(76, 6, 'SI'),
(76, 11, 'SI'),
(76, 12, 'SI'),
(76, 18, 'SI'),
(76, 19, 'SI'),
(76, 26, 'SI'),
(76, 28, 'SI'),
(76, 29, 'SI'),
(76, 30, 'SI'),
(76, 81, 'SI'),
(76, 82, 'SI'),
(76, 87, 'SI'),
(76, 88, 'SI'),
(77, 1, 'SI'),
(77, 2, 'SI'),
(77, 3, 'SI'),
(77, 4, 'N.A.'),
(77, 5, 'SI'),
(77, 6, 'SI'),
(77, 7, 'SI'),
(77, 8, 'N.A.'),
(77, 9, 'N.A.'),
(77, 10, 'N.A.'),
(77, 11, 'SI'),
(77, 12, 'SI'),
(77, 13, 'N.A.'),
(77, 14, 'N.A.'),
(77, 15, 'N.A.'),
(77, 16, 'SI'),
(77, 17, 'N.A.'),
(77, 18, 'N.A.'),
(77, 19, 'N.A.'),
(77, 20, 'N.A.'),
(77, 21, 'N.A.'),
(77, 22, 'N.A.'),
(77, 23, 'N.A.'),
(77, 24, 'N.A.'),
(77, 25, 'N.A.'),
(77, 26, 'SI'),
(77, 27, 'NO'),
(77, 28, 'SI'),
(78, 1, 'SI'),
(78, 2, 'SI'),
(78, 3, 'SI'),
(78, 4, 'SI'),
(78, 5, 'SI'),
(78, 6, 'SI'),
(78, 7, 'SI'),
(78, 8, 'SI'),
(78, 9, 'SI'),
(78, 10, 'SI'),
(78, 11, 'SI'),
(78, 12, 'SI'),
(78, 13, 'SI'),
(78, 14, 'SI'),
(78, 15, 'SI'),
(78, 16, 'SI'),
(78, 17, 'SI'),
(78, 18, 'SI'),
(78, 19, 'SI'),
(78, 20, 'SI'),
(78, 21, 'SI'),
(78, 22, 'SI'),
(78, 23, 'SI'),
(78, 24, 'SI'),
(78, 25, 'SI'),
(78, 26, 'SI'),
(78, 27, 'SI'),
(78, 28, 'SI'),
(79, 1, 'SI'),
(79, 2, 'SI'),
(79, 5, 'SI'),
(79, 6, 'SI'),
(79, 11, 'SI'),
(79, 12, 'SI'),
(79, 18, 'N.A.'),
(79, 19, 'N.A.'),
(79, 26, 'SI'),
(79, 28, 'SI'),
(79, 29, 'SI'),
(79, 30, 'SI'),
(79, 81, 'SI'),
(79, 82, 'SI'),
(79, 87, 'SI'),
(79, 88, 'SI'),
(80, 1, 'SI'),
(80, 2, 'SI'),
(80, 3, 'SI'),
(80, 4, 'SI'),
(80, 5, 'SI'),
(80, 6, 'SI'),
(80, 7, 'SI'),
(80, 8, 'N.A.'),
(80, 9, 'N.A.'),
(80, 10, 'SI'),
(80, 11, 'SI'),
(80, 12, 'SI'),
(80, 13, 'SI'),
(80, 14, 'SI'),
(80, 15, 'SI'),
(80, 16, 'SI'),
(80, 17, 'SI'),
(80, 18, 'SI'),
(80, 19, 'SI'),
(80, 20, 'SI'),
(80, 21, 'SI'),
(80, 22, 'SI'),
(80, 23, 'SI'),
(80, 24, 'SI'),
(80, 25, 'SI'),
(80, 26, 'SI'),
(80, 27, 'SI'),
(80, 28, 'SI'),
(81, 1, 'SI'),
(81, 2, 'SI'),
(81, 3, 'SI'),
(81, 4, 'SI'),
(81, 5, 'SI'),
(81, 6, 'SI'),
(81, 7, 'SI'),
(81, 8, 'SI'),
(81, 9, 'SI'),
(81, 10, 'SI'),
(81, 11, 'SI'),
(81, 12, 'SI'),
(81, 13, 'SI'),
(81, 14, 'SI'),
(81, 15, 'SI'),
(81, 16, 'SI'),
(81, 17, 'SI'),
(81, 18, 'SI'),
(81, 19, 'SI'),
(81, 20, 'SI'),
(81, 21, 'SI'),
(81, 22, 'SI'),
(81, 23, 'SI'),
(81, 24, 'SI'),
(81, 25, 'SI'),
(81, 26, 'SI'),
(81, 27, 'SI'),
(81, 28, 'SI');

-- --------------------------------------------------------

--
-- Struttura Stand-in per le viste `Negativi`
--
CREATE TABLE IF NOT EXISTS `Negativi` (
`idRapporto` int(11)
,`Ubicazione` varchar(50)
,`Data` date
,`Tipologia` enum('Generico','Specifico')
,`Note` varchar(120)
,`idTecnico` int(11)
,`idReferente` int(11)
,`idOspedale` int(11)
,`serialeApparecchiatura` varchar(50)
);
-- --------------------------------------------------------

--
-- Struttura della tabella `Ospedali`
--

CREATE TABLE IF NOT EXISTS `Ospedali` (
  `idOspedale` int(11) NOT NULL,
  `Nome` varchar(50) COLLATE latin1_general_ci DEFAULT NULL,
  `Citta` varchar(50) COLLATE latin1_general_ci DEFAULT NULL,
  `Indirizzo` varchar(50) COLLATE latin1_general_ci DEFAULT NULL,
  `Telefono` varchar(15) COLLATE latin1_general_ci DEFAULT NULL,
  PRIMARY KEY (`idOspedale`)
) ENGINE=InnoDB DEFAULT CHARSET=latin1 COLLATE=latin1_general_ci;

--
-- Dump dei dati per la tabella `Ospedali`
--

INSERT INTO `Ospedali` (`idOspedale`, `Nome`, `Citta`, `Indirizzo`, `Telefono`) VALUES
(1, 'San Raffaele', 'Milano', 'Via Olgettina 60', '0226432643'),
(2, 'Azienda Ospedaliera - Universitaria', 'Padova', 'Via Giustiniani 2', '0498211111'),
(3, 'SS. Giovanni e Paolo', 'Venezia', 'Via Castello 6777', '0415294111'),
(4, 'Villa San Pietro Fatebenefratelli', 'Roma', 'Via Cassia 600', '0633260625'),
(5, 'Azienda Policlinico Umberto I', 'Roma', 'Viale del Policlinico 155', '064465027'),
(6, 'Ospedale Civico', 'Palermo', 'Piazza Nicola Leotta 4', '0916661111'),
(7, 'Ospedale Immacolata Concezione', 'Piove di Sacco', 'Via San Rocco 8', '0499718111'),
(8, 'Azienda Ospedaliero - Universitaria', 'Parma', 'Via Gramsci 14', '0521702111'),
(9, 'Policlinico SS. Annunziata', 'Chieti', 'Via dei Vestini 1', '08713581'),
(10, 'Ospedale Niguarda', 'Milano', 'Piazza Dell''Ospedale Maggiore 3', '0264441'),
(11, 'Ospedale Regionale Umberto Parini', 'Aosta', 'Viale Ginevra 3', '01655431'),
(12, 'Ospedale Cardarelli', 'Napoli', 'Via Antonio Cardarelli 9', '0817471111'),
(13, 'Azienda Ospedaliera Bianchi Melacrino Morelli', 'Reggio di Calabria', 'Via Giuseppe Melacrino 21', '0965397111'),
(14, 'Ospedale s. Camillo', 'Trento', 'Via Benedetto Giovanelli 19', '0461216111'),
(15, 'Istituto Giannina Gaslini', 'Genova', 'Via Gerolamo Gaslini 5', '01056361'),
(16, 'Ospedale Santa Maria Nuova', 'Firenze', 'Piazza Santa Maria Nuova 1', '05569381'),
(17, 'Azienda Ospedaliera Brotzu', 'Cagliari', 'Via Peretti 2', '0705391');

-- --------------------------------------------------------

--
-- Struttura della tabella `Persone`
--

CREATE TABLE IF NOT EXISTS `Persone` (
  `idPersona` int(11) NOT NULL,
  `Nome` varchar(20) COLLATE latin1_general_ci DEFAULT NULL,
  `Cognome` varchar(20) COLLATE latin1_general_ci DEFAULT NULL,
  `DataNascita` date DEFAULT NULL,
  `Telefono` varchar(15) COLLATE latin1_general_ci DEFAULT NULL,
  PRIMARY KEY (`idPersona`)
) ENGINE=InnoDB DEFAULT CHARSET=latin1 COLLATE=latin1_general_ci;

--
-- Dump dei dati per la tabella `Persone`
--

INSERT INTO `Persone` (`idPersona`, `Nome`, `Cognome`, `DataNascita`, `Telefono`) VALUES
(1, 'Stefano', 'Morgagni', '1982-05-28', '3347126485'),
(2, 'Gianluca', 'Smeraldi', '1970-09-01', '3708412693'),
(3, 'Franco', 'Longhi', '1983-06-21', '3114720755'),
(4, 'Salvatore', 'Bagni', '1953-01-15', '3143247954'),
(5, 'Rossano', 'Galli', '1967-12-31', '3006452174'),
(6, 'Enrico', 'Cavallaro', '1947-08-11', '3751435656'),
(7, 'Pietro', 'Giusti', '1958-11-11', '3947231524'),
(8, 'Giovanni', 'Previ', '1974-02-28', '3014213585'),
(9, 'Giacomo', 'Zaggia', '1989-04-17', '3809421536'),
(10, 'Alberto', 'Terna', '1960-06-26', '3809421536'),
(11, 'Cristiano', 'Scarpieri', '1967-10-21', '3524506515'),
(12, 'Michele', 'Zenaro', '1965-12-15', '3785465772'),
(13, 'Francesco', 'Lazzari', '1973-11-28', '3482451572'),
(14, 'Omar', 'Ballarin', '1982-07-11', '3694524524'),
(15, 'Matteo', 'Stevanella', '1977-01-03', '3418963841'),
(16, 'Lorenzo', 'Noventa', '1985-05-17', '3714545274'),
(17, 'Marco', 'Gava', '1983-04-06', '3682118551'),
(18, 'Alessandro', 'Berton', '1969-04-22', '3105814214'),
(19, 'Gioele', 'Gurrieri', '1971-05-05', '3795041002'),
(20, 'Mattia', 'Greco', '1983-08-20', '3496017589'),
(21, 'Nicola', 'Tomasella', '1980-02-08', '3195472410'),
(22, 'Nicolò', 'Masaro', '1974-02-14', '3843218957'),
(23, 'Michael', 'Zanella', '1975-12-30', '3294756231'),
(24, 'Luca', 'Bozzato', '1981-03-08', '3921762895'),
(25, 'Jacopo', 'Bazzoli', '1962-06-01', '3178562000'),
(26, 'Simone', 'Luise', '1968-05-15', '3267985892'),
(27, 'Emanuele', 'Rosteghin', '1969-02-17', '3096325411'),
(28, 'Federico', 'Scattolo', '1973-10-24', '3278620144'),
(29, 'Davide', 'Lunardi', '1966-07-20', '3653341289'),
(30, 'Andrea', 'Zampieri', '1984-09-10', '3486332114'),
(31, 'Massimiliano', 'Andriollo', '1973-11-16', '3179329951'),
(32, 'Damiano', 'Pozzan', '1961-08-08', '3894121477'),
(33, 'Maurizio', 'Sabbadin', '1979-03-19', '3376648995'),
(34, 'Piercarlo', 'Valentini', '1981-06-23', '3307843302'),
(35, 'Mauro', 'Muzzolon', '1986-12-25', '3489431167'),
(36, 'Paolo', 'Zancarini', '1965-04-09', '3057541831'),
(37, 'Graziano', 'Ferrari', '1976-06-07', '3274123879'),
(38, 'Dario', 'Meneghetti', '1988-11-26', '3269512857');

-- --------------------------------------------------------

--
-- Struttura della tabella `RapportiTecnici`
--

CREATE TABLE IF NOT EXISTS `RapportiTecnici` (
  `idRapporto` int(11) NOT NULL,
  `Ubicazione` varchar(50) COLLATE latin1_general_ci DEFAULT NULL,
  `Data` date DEFAULT NULL,
  `Tipologia` enum('Generico','Specifico') COLLATE latin1_general_ci DEFAULT NULL,
  `Note` varchar(120) COLLATE latin1_general_ci DEFAULT NULL,
  `idTecnico` int(11) NOT NULL,
  `idReferente` int(11) NOT NULL,
  `idOspedale` int(11) NOT NULL,
  `serialeApparecchiatura` varchar(50) COLLATE latin1_general_ci DEFAULT NULL,
  PRIMARY KEY (`idRapporto`),
  KEY `idTecnico` (`idTecnico`),
  KEY `idReferente` (`idReferente`),
  KEY `idOspedale` (`idOspedale`),
  KEY `serialeApparecchiatura` (`serialeApparecchiatura`)
) ENGINE=InnoDB DEFAULT CHARSET=latin1 COLLATE=latin1_general_ci;

--
-- Dump dei dati per la tabella `RapportiTecnici`
--

INSERT INTO `RapportiTecnici` (`idRapporto`, `Ubicazione`, `Data`, `Tipologia`, `Note`, `idTecnico`, `idReferente`, `idOspedale`, `serialeApparecchiatura`) VALUES
(1, 'Milano', '2013-06-12', 'Specifico', 'Nessuna nota inserita.', 1, 14, 1, 'VNAP-0014'),
(2, 'Milano', '2013-06-12', 'Specifico', 'Verifica protezione di terra non possibile. Apparecchiatura di classe 2.', 1, 26, 1, 'VNAP-0001'),
(3, 'Chieti', '1990-03-13', 'Specifico', 'Nessuna nota inserita.', 34, 29, 9, 'VNAP-0019'),
(4, 'Milano', '2013-06-12', 'Specifico', 'Nessuna nota inserita.', 35, 16, 1, 'VNRV-3480'),
(5, 'Firenze', '2008-11-08', 'Specifico', 'Nessuna nota inserita.', 38, 14, 16, 'Z1190'),
(6, 'Milano', '2013-06-12', 'Generico', 'Nessuna nota inserita.', 1, 16, 1, 'VNRV-4123'),
(7, 'Venezia', '2013-06-01', 'Generico', 'Nessuna nota inserita.', 2, 28, 3, 'VNRV-3222'),
(8, 'Napoli', '2012-11-17', 'Generico', 'Codice Batteria: 29384XC', 35, 19, 12, '7SMV-D'),
(9, 'Parma', '2013-06-03', 'Generico', 'Nessuna nota inserita.', 2, 22, 8, '012RW-3009CR'),
(10, 'Aosta', '1999-01-01', 'Generico', 'Nessuna nota inserita.', 6, 24, 11, 'VNRV-4119'),
(11, 'Cagliari', '2009-09-10', 'Specifico', 'Classe 1.', 11, 22, 17, 'BR-10031'),
(12, 'Cagliari', '2013-06-10', 'Generico', 'Nessuna nota inserita.', 10, 31, 17, 'TPTCS-012338901WR'),
(13, 'Aosta', '2005-08-31', 'Specifico', 'Classe 3.', 36, 17, 11, 'VNAP-0024'),
(14, 'Genova', '2013-06-06', 'Specifico', 'Prove di accuratezza con pesi campione superate.', 12, 29, 15, 'CFG00567685678-34'),
(15, 'Milano', '2000-03-16', 'Generico', 'Nessuna nota inserita.', 7, 15, 1, 'RS422'),
(16, 'Piove di Sacco', '2003-12-05', 'Specifico', 'Classe 2.', 3, 14, 7, 'VNRD-0081'),
(17, 'Roma', '2013-06-03', 'Specifico', 'Prove di accuratezza con pesi campione superate.', 4, 15, 5, '334MBPN009'),
(18, 'Roma', '2013-06-15', 'Specifico', 'Temperature rilevate conformi a quelle impostate.', 37, 21, 4, '02.1001'),
(19, 'Trento', '2012-01-20', 'Specifico', 'Nessuna nota inserita.', 36, 19, 14, '2HGW2-R5'),
(20, 'Trento', '2013-06-07', 'Specifico', 'Prove con pesi campione superate.', 12, 29, 14, '123-99875TRB-012'),
(21, 'Genova', '2013-02-05', 'Generico', 'Batteria NiCd compat. 6V 0,18Ah.', 34, 21, 15, '03018B'),
(22, 'Napoli', '2013-06-06', 'Generico', 'Nessuna nota inserita.', 36, 33, 12, '1715139'),
(23, 'Aosta', '2013-06-17', 'Generico', 'Nessuna nota inserita.', 10, 19, 11, '0123456ORTD'),
(24, 'Padova', '2012-05-31', 'Generico', 'Nessuna nota inserita.', 34, 27, 2, '111AFTR-122-09876'),
(25, 'Reggio di Calabria', '2002-10-24', 'Generico', 'Nessuna nota inserita.', 37, 28, 13, 'VNAP-0096'),
(26, 'Milano', '2010-01-27', 'Specifico', 'Nessuna nota inserita.', 38, 29, 1, 'CYTT-99235653-WER'),
(27, 'Palermo', '2008-03-22', 'Generico', 'Nessuna nota inserita.', 12, 26, 6, '146-3796-203'),
(28, 'Genova', '2010-12-03', 'Specifico', 'Velocità misurata coincide con quella impostata.', 3, 23, 15, 'VNAP-0012'),
(29, 'Venezia', '2007-05-18', 'Generico', 'Nessuna nota inserita.', 9, 15, 3, 'VNRD-0189'),
(30, 'Piove di Sacco', '2000-07-23', 'Generico', 'Nessuna nota inserita.', 8, 17, 7, 'A-HEPA701'),
(31, 'Parma', '2006-09-08', 'Generico', 'Nessuna nota inserita.', 35, 23, 8, 'RL4Y-20C'),
(32, 'Chieti', '2013-06-03', 'Specifico', 'Temperature misurate conformi a quelle impostate.', 6, 23, 9, 'JF7R7GTHVYTR7'),
(33, 'Milano', '2003-08-29', 'Generico', 'Nessuna nota inserita.', 1, 30, 1, '87HBS-S4'),
(34, 'Padova', '2008-07-18', 'Generico', 'Classe 2.', 4, 24, 2, 'VNAP-0160'),
(35, 'Milano', '1999-06-15', 'Generico', 'Nessuna nota inserita.', 8, 15, 10, 'VNAP-0177'),
(36, 'Trento', '2009-02-07', 'Specifico', 'Nessuna nota inserita.', 10, 20, 14, 'VNRV-3280'),
(37, 'Milano', '2001-10-09', 'Specifico', 'Nessuna nota inserita.', 5, 17, 1, '764GF8B5C8EV7WC7'),
(38, 'Roma', '2000-07-27', 'Specifico', 'Nessuna nota inserita.', 12, 32, 5, 'M11-16B'),
(39, 'Reggio di Calabria', '2005-11-11', 'Generico', 'Nessuna nota inserita.', 13, 22, 13, 'MNBD94992834RB'),
(40, 'Firenze', '2012-11-09', 'Generico', 'Nessuna nota inserita.', 6, 18, 16, '500R426'),
(41, 'Firenze', '2013-06-03', 'Specifico', 'Temperature rilevate coincidono con quelle impostate.\r\nRpm rilevati coincidono con velocità impostata.', 38, 33, 16, 'BHUEU4ER7T7E'),
(42, 'Padova', '2013-05-19', 'Specifico', 'Nessuna nota inserita.', 12, 31, 2, 'RT3-899113'),
(43, 'Napoli', '2013-01-16', 'Generico', 'Nessuna nota inserita.', 36, 23, 12, 'BFG3URYIWWEITUR'),
(44, 'Milano', '2012-12-19', 'Specifico', 'Prove di scarica effettuate: potenza rilevata conforme a quella impostata.', 12, 28, 1, 'VNAP-0017'),
(45, 'Genova', '2011-05-13', 'Specifico', 'Nessuna nota inserita.', 7, 18, 15, 'VNRD-0355'),
(46, 'Genova', '2011-02-09', 'Specifico', 'Nessuna nota inserita.', 3, 20, 15, 'DBHDIQ13576RY-246'),
(47, 'Piove di Sacco', '2010-06-09', 'Generico', 'Nessuna nota inserita.', 9, 27, 7, 'CDJEWUU246731-12'),
(48, 'Cagliari', '2008-10-04', 'Generico', 'Nessuna nota inserita.', 2, 27, 17, '218032ZW'),
(49, 'Parma', '2011-11-15', 'Generico', 'Classe 2.', 5, 30, 8, 'VNAP-0082'),
(50, 'Napoli', '2007-04-02', 'Generico', 'Nessuna nota inserita.', 10, 32, 12, 'CGGUGHE262-84'),
(51, 'Milano', '2013-01-09', 'Generico', 'Nessuna nota inserita.', 3, 19, 10, 'REQ-1C4R'),
(52, 'Palermo', '2011-09-15', 'Generico', 'Nessuna nota inserita.', 11, 21, 6, 'JCBAU8284812-135'),
(53, 'Cagliari', '2013-05-29', 'Generico', 'Nessuna nota inserita.', 38, 25, 17, 'JDBVA-79876-12'),
(54, 'Palermo', '2012-09-03', 'Generico', 'Nessuna nota inserita.', 5, 33, 6, 'D38C44N94'),
(55, 'Genova', '2005-06-25', 'Specifico', 'Verificata accuratezza rilevamento BPM. Esito:positivo.', 9, 18, 15, 'CSAV.12425-13'),
(56, 'Padova', '2012-05-08', 'Specifico', 'Nessuna nota inserita.', 36, 33, 2, 'ER0K-0104'),
(57, 'Chieti', '2005-11-30', 'Specifico', 'Sonda Esaote convessa BC431.', 34, 21, 9, 'CSHJBFWJE45UI'),
(58, 'Milano', '2011-06-15', 'Generico', 'Nessuna nota inserita.', 7, 22, 10, 'SGDHTRE56789'),
(59, 'Aosta', '2011-10-27', 'Generico', 'Nessuna nota inserita.', 11, 16, 11, 'X-02.88.049'),
(60, 'Milano', '2013-03-04', 'Generico', 'Nessuna nota inserita.', 35, 22, 1, '4FXC-35'),
(61, 'Roma', '2013-05-27', 'Generico', 'Nessuna nota inserita.', 34, 21, 5, 'MEB-9400K'),
(62, 'Aosta', '2010-06-25', 'Generico', 'Nessuna nota inserita.', 37, 18, 11, 'ASDGF-HT53122'),
(63, 'Roma', '1991-06-06', 'Generico', 'Classe 2.', 8, 25, 5, '235-1FLE'),
(64, 'Piove di Sacco', '2007-03-16', 'Generico', 'Nessuna nota inserita.', 38, 29, 7, 'C-5G0P'),
(65, 'Cagliari', '2007-12-30', 'Generico', 'Nessuna nota inserita.', 4, 26, 17, 'DFG234566-234TFD'),
(66, 'Roma', '2013-06-10', 'Specifico', 'Temperature rilevate conformi a quelle impostate.', 2, 21, 5, 'HTRE3456R-1345'),
(67, 'Padova', '2013-02-14', 'Generico', 'Nessuna nota inserita.', 6, 32, 2, 'QWOP-356'),
(68, 'Padova', '2013-06-02', 'Specifico', 'Nessuna nota inserita.', 11, 25, 2, 'BFDW.1234-54'),
(69, 'Venezia', '2006-04-08', 'Specifico', 'Nessuna nota inserita.', 2, 31, 3, 'A324-24V36'),
(70, 'Milano', '2008-09-03', 'Specifico', 'Nessuna nota inserita.', 13, 24, 1, 'DB3-2462454-3456'),
(71, 'Milano', '2012-09-05', 'Specifico', 'Nessuna nota inserita.', 13, 32, 1, 'DF74RK'),
(72, 'Napoli', '2000-06-30', 'Specifico', 'Temperature impostate conformi alle temperature rilevate.', 7, 18, 12, 'MBR-705GR'),
(73, 'Chieti', '2013-06-18', 'Generico', 'Nessuna nota inserita.', 1, 27, 9, 'FVB-234-52473'),
(74, 'Reggio di Calabria', '2013-02-09', 'Generico', 'Nessuna nota inserita.', 12, 20, 13, '151OD-EL'),
(75, 'Reggio di Calabria', '2011-06-18', 'Specifico', 'Nessuna nota inserita.', 13, 20, 13, 'BDGSWI45625'),
(76, 'Palermo', '2006-03-02', 'Specifico', 'Nessuna nota inserita.', 13, 26, 6, 'VNEN-0051'),
(77, 'Roma', '2007-10-05', 'Generico', 'Nessuna nota inserita.', 37, 20, 5, 'FDHAJ-245867TG3'),
(78, 'Trento', '2012-01-31', 'Generico', 'Nessuna nota inserita.', 34, 18, 14, 'VI970900'),
(79, 'Parma', '2011-04-30', 'Specifico', 'Nessuna nota inserita.', 13, 21, 8, 'FHGDS74.132456'),
(80, 'Padova', '2010-05-06', 'Generico', 'Nessuna nota inserita.', 1, 14, 2, 'PD2157'),
(81, 'Roma', '2013-06-04', 'Generico', 'Nessuna nota inserita.', 9, 30, 4, 'FDHAJ-245867TG3');

-- --------------------------------------------------------

--
-- Struttura della tabella `Referenti`
--

CREATE TABLE IF NOT EXISTS `Referenti` (
  `idPersona` int(11) NOT NULL,
  `Ruolo` varchar(50) COLLATE latin1_general_ci DEFAULT NULL,
  PRIMARY KEY (`idPersona`)
) ENGINE=InnoDB DEFAULT CHARSET=latin1 COLLATE=latin1_general_ci;

--
-- Dump dei dati per la tabella `Referenti`
--

INSERT INTO `Referenti` (`idPersona`, `Ruolo`) VALUES
(14, 'Caposala terapia intensiva'),
(15, 'Caporeparto pediatria'),
(16, 'Direttore generale'),
(17, 'Dirigente sanitario'),
(18, 'Medico dirigente del distretto'),
(19, 'Dirigente tecnico'),
(20, 'Caporeparto neurochirurgia'),
(21, 'Caporeparto cardiochirurgia'),
(22, 'Caporeparto radiologia'),
(23, 'Caporeparto oncologia'),
(24, 'Caporeparto dermatologia'),
(25, 'Caporeparto gastroenterologia'),
(26, 'Caposala anestesia e rianimazione'),
(27, 'Caposala cardiologia'),
(28, 'Responsabile dermatologia'),
(29, 'Responsabile ematologia'),
(30, 'Responsabile nefrologia'),
(31, 'Responsabile oculistica'),
(32, 'Responsabile urologia'),
(33, 'Caposala reumatologia');

-- --------------------------------------------------------

--
-- Struttura Stand-in per le viste `SpeseOspedale`
--
CREATE TABLE IF NOT EXISTS `SpeseOspedale` (
`calcoloSpesa ("San Raffaele",150)` int(11)
);
-- --------------------------------------------------------

--
-- Struttura della tabella `Tecnici`
--

CREATE TABLE IF NOT EXISTS `Tecnici` (
  `idPersona` int(11) NOT NULL,
  `Azienda` varchar(50) COLLATE latin1_general_ci DEFAULT NULL,
  `Qualifica` varchar(50) COLLATE latin1_general_ci DEFAULT NULL,
  PRIMARY KEY (`idPersona`)
) ENGINE=InnoDB DEFAULT CHARSET=latin1 COLLATE=latin1_general_ci;

--
-- Dump dei dati per la tabella `Tecnici`
--

INSERT INTO `Tecnici` (`idPersona`, `Azienda`, `Qualifica`) VALUES
(1, 'T.E.A. S.r.l.', 'Ingegnere elettronico'),
(2, 'Santa Lucia S.p.A.', 'Ingegnere biomedico'),
(3, 'CSA', 'Manutentore autorizzato'),
(4, 'Sanimed S.r.l', 'Ingegnere manutentore'),
(5, 'Adiramef', 'Ingegnere clinico specializzato'),
(6, 'Biomed S.a.S', 'Perito senior'),
(7, 'Tsem', 'Perito elettrotecnico'),
(8, 'Meditek Services', 'Ingegnere elettrotecnico'),
(9, 'TDL Technology', 'Perito informatico'),
(10, 'Mectronic', 'Ingegnere meccanico'),
(11, 'Garda S.r.l.', 'Perito meccanico'),
(12, 'Zcs', 'Ingegnere informatico'),
(13, 'Optima S.r.l.', 'Perito elettronico'),
(34, 'Sirel S.r.l.', 'Tecnico biomedicale'),
(35, 'E.X.A. S.p.A.', 'Ingegnere telecomunicazioni'),
(36, 'Zatryo', 'Ingegnere biomedico'),
(37, 'Peap', 'Perito elettrotecnico'),
(38, 'Ceam S.a.S.', 'Ingegnere elettronico');

-- --------------------------------------------------------

--
-- Struttura della tabella `Test`
--

CREATE TABLE IF NOT EXISTS `Test` (
  `idTest` int(11) NOT NULL,
  `Descrizione` varchar(255) COLLATE latin1_general_ci DEFAULT NULL,
  PRIMARY KEY (`idTest`)
) ENGINE=InnoDB DEFAULT CHARSET=latin1 COLLATE=latin1_general_ci;

--
-- Dump dei dati per la tabella `Test`
--

INSERT INTO `Test` (`idTest`, `Descrizione`) VALUES
(1, 'Controllare integrità e completezza di involucro, componenti e accessori e l''assenza di segni di evidente uso improprio o perdite di liquidi.'),
(2, 'Se necessario, procedere con la pulizia interna ed esterna dell''apparecchio\nutilizzando a seconda delle necessità aspirapolvere, aria compressa, acqua,\ndetergente,...'),
(3, 'Verificare i sistemi di apertura, chiusura e blocco.'),
(4, 'Verificare l''integrità delle guarnizioni.'),
(5, 'Verificare l''integrità di cavo e spina di rete, passacavo e blocca cavo (dove presenti).'),
(6, 'Verificare la continuità del conduttore di protezione di terra (solo classe 1).'),
(7, 'Verificare l’efficienza delle spie di funzionamento con alimentazione da rete e da batteria.'),
(8, 'Verificare lo stato degli accumulatori, testando l''apparecchiatura in modo a batteria.'),
(9, 'Verificare continuità di funzionamento nella commutazione da rete a batteria e viceversa.'),
(10, 'Verificare l''assenza di tracce di perdite di liquidi nel vano accumulatori e sostituire gli accumulatori se necessario (secondo indicazioni da manuale).'),
(11, 'Verificare lo stato di manopole, selettori, interruttori e comandi.'),
(12, 'Verificare il funzionamento degli indicatori analogici e/o digitali (spie, display, indicatori, ecc.).'),
(13, 'Verificare l''integrità e il corretto funzionamento dei registratori grafici e/o delle stampanti.'),
(14, 'Verificare integrità ed efficienza dei sistemi di movimentazione su ruote.'),
(15, 'Verificare il sistema di frenatura e blocco ruote.'),
(16, 'Verificare integrità ed efficienza dei sistemi meccanici (leve, pistoni, coperchi, sistemi di blocco e sblocco).'),
(17, 'Lubrificare se necessario le parti mobili.'),
(18, 'Verificare il funzionamento del sistema di ventilazione e/o della ventola di raffreddamento.'),
(19, 'Pulire filtri e prefiltri del sistema di ventilazione.'),
(20, 'Pulire il radiatore/condensatore.'),
(21, 'Verificare la continuità elettrica ed integrità fisica dei cavi paziente.'),
(22, 'Verificare lo stato degli elettrodi.'),
(23, 'Verificare efficienza e tenuta dei sistemi pneumatici / idraulici.'),
(24, 'Verificare lo stato dei connettori.'),
(25, 'Verificare il funzionamento degli allarmi presenti sull''apparecchiatura.'),
(26, 'Verifica finale del funzionamento generale dello strumento.'),
(27, 'Eseguire il programma di autodiagnosi.'),
(28, 'Reimpostare l''apparecchiatura come ad avvio di manutenzione.'),
(29, 'Rilevamento delle impostazioni iniziali dell’apparecchiatura.'),
(30, 'Verifica della presenza e della completezza dei dati di targa.'),
(31, 'Verifica dell’usura e lubrificazione (se necessario) delle parti in movimento.'),
(32, 'Verifica corretto funzionamento del timer.'),
(33, 'Sostituire batterie tampone se necessario.'),
(34, 'Verificare l''integrità e il corretto funzionamento dei registratori grafici e/o delle stampanti.'),
(35, 'Verificare lo stato di carica della eventuale bombola di gas, la tenuta del circuito pneumatico e l’apertura del rubinetto di sezionamento.'),
(36, 'Verificare l’efficienza degli eventuali impianti di remotizzazione degli allarmi.'),
(37, 'Verifica della corrispondenza tra le temperature impostate e quelle misurate.'),
(38, 'Verifica della funzionalità e dell’accuratezza del vacuometro.'),
(39, 'Verifica dello stato di filtri, tubi, vasi e guarnizioni.'),
(40, 'Verifica ed eventuale rabbocco del livello d’olio della pompa.'),
(41, 'Verifica della funzionalità del sistema di troppo pieno.'),
(42, 'Verificare il corretto funzionamento del vacuometro e del regolatore di\naspirazione: ostruire il condotto di aspirazione, variare la potenza di aspirazione\ndal minimo al massimo e verificare che alla massima aspirazione il vacuometro\nindichi un valore ugu'),
(43, 'Verifica della presenza del manuale d’uso per utilizzatore.'),
(44, 'Verifica del termostato di sicurezza.'),
(45, 'Verifica di tenuta delle guarnizioni.'),
(46, 'Verifica del sistema di agitazione (se presente).'),
(47, 'Esecuzione di misure di prova con pesi campione in aumento.'),
(48, 'Esecuzione di misure di prova con pesi campione in diminuzione.'),
(49, 'Verifica della stabilità e assenza di vibrazioni del rotore'),
(50, 'Verifica del sistema di frenatura del rotore'),
(51, 'Verifica del sistema di sicurezza per il bloccaggio del coperchio'),
(52, 'Verifica del corretto funzionamento del sistema di regolazione della velocità del\nrotore, effettuando alcune misure di prova con una tolleranza di errore come\nindicato dal costruttore (vedi tabella sottostante).'),
(53, 'Verifica e pulizia del condensatore di refrigerazione (per centrifuga refrigerata).'),
(54, 'Verifica del sistema di refrigerazione e del funzionamento del termometro interno\n(per centrifuga refrigerata).'),
(55, 'Verifica della stabilità dell''apparecchiatura e della seduta'),
(56, 'Verifica dell’integrità e della funzionalità dei sistemi frenanti (cinghie, frizioni,...) e\n     sostituirli se usurati'),
(57, 'Verifica ed eventualmente ripristino della stabilità dello strumento'),
(58, 'Pulizia degli oculari e della lente obiettivo con alcool'),
(59, 'Verifica della funzionalità delle lampade.'),
(60, 'Pulizia della stampante ed del sensore carta.'),
(61, 'Verifica dello stato delle piastre e relativa pulizia.'),
(62, 'Effettuare almeno una prova di scarica in modalità a batteria verificando che la\npotenza erogata non si discosti da quella impostata di oltre il +/- 15%.'),
(63, 'MODULO ECG: verifica del corretto funzionamento di tutte le derivazioni.'),
(64, 'MODULO NIBP: verifica del corretto funzionamento.'),
(65, 'MODULO SaO2/SpO2: verifica del corretto funzionamento.'),
(66, 'Verifica dell’integrità dei sensori di rilevazione del modulo SaO2/SpO2 e del\n  manicotto pressione del modulo NIBP.'),
(67, 'Sostituire eventuali neon bruciati o sfarfallanti.'),
(68, 'Pulizia della trackball.'),
(69, 'Pulizia e verifica del funzionamento degli eventuali sistemi di salvataggio dati\npresenti (floppy disk, lettore disco magneto ottico,...)'),
(70, 'Verifica dell’assenza di coni d’ombra per ogni singola sonda.'),
(71, 'Verifica dello stato delle sonde (integrità della guaina e del connettore, eventuali\nperdite d’olio e/o presenza di bolle).'),
(72, 'MODULO DOPPLER: verifica del corretto funzionamento e dell’efficienza del\n doppler in modalità pulsato e continuo.'),
(73, 'Verifica del corretto funzionamento del COLOR doppler e del POWER doppler.'),
(74, 'MODULO ECG: verifica del corretto funzionamento di tutte le derivazioni.'),
(75, 'Verifica dell’integrità e dell’efficienza di pedali, manipoli e cavi.'),
(76, 'Verifica delle serigrafie e simboli riportati sui tasti, comandi ed involucro.'),
(77, 'Verifica del funzionamento delle indicazioni sonore e visive di taglio e coagulo.'),
(78, 'Effettuare alcune prove di taglio e coaugulo secondo le modalità previste dal\ncostruttore e verificare che la potenza erogata non si discosti da quella impostata di oltre il +/-20%'),
(79, 'Pulizia delle terminazioni.'),
(80, 'Verifica dell’accuratezza della rilevazione del BPM.'),
(81, 'Verificare che tutte le lampade abbiano la potenza prevista dal produttore.'),
(82, 'Verifica presenza e funzionamento lampada di emergenza.'),
(83, 'Verifica conta ore della lampada.'),
(84, 'Sostituire eventuali lampade bruciate o sfarfallanti.'),
(85, 'Verifica del circuito di ventilazione aria, livello acqua e pompa di riciclo (ove presente)'),
(86, 'Verifica del sistema di allarme acustico e/o visivo. con simulazioni di apertura porta.'),
(87, 'Verifica del corretto funzionamento delle frizioni ed eventualmente regolarle o sostituirle'),
(88, 'Verifica del sistema di centratura / messa a fuoco ed eventualmente regolarlo\ne/o lubrificarlo utilizzando grasso al silicone.'),
(89, 'Verificare che tutte le lampade abbiano la potenza prevista dal produttore.'),
(90, 'Verifica allineamento e pulizia delle ottiche.'),
(91, 'Verifica dei movimenti delle parti mobili e loro lubrificazione se necessario.'),
(92, 'Verifica delle lampade e del contatore ore di funzionamento se presente.'),
(93, 'Verifica eventuali porte di discussione.'),
(94, 'MODULO GAS e/o CO2: verifica dell’integrità e del corretto funzionamento.'),
(95, 'MODULO TEMPERATURA: verifica dell’integrità e del corretto funzionamento.'),
(96, 'ALTRI MODULI: verifica dell’integrità e del corretto funzionamento.'),
(97, 'Verifica del corretto funzionamento degli sportelli, del bloccaggio kit/siringa, del\nsensore di riconoscimento kit/siringa e del pistone.'),
(98, 'Verifica dell’accuratezza della rilevazione della velocità di infusione.'),
(99, 'Verifica dell’accuratezza della rilevazione del BPM.'),
(100, 'Verifica dell’accuratezza dei valori rilevati di SpO2.'),
(101, 'Pulizia dei filtri (calcare, acqua, aria o altro).'),
(102, 'Verifica integrità delle tubazioni aria e acqua.'),
(103, 'Controllo corretto funzionamento dei manipoli (siringa, micromotore, turbina).'),
(104, 'Verifica movimenti poltrona.'),
(105, 'Verifica lampada scialitica con controllo frizioni, pulizia filtro (se presente) ed\neventuale sostituzione lampada alogena.'),
(106, 'Verifica sistemi di sicurezza (su movimentazione poltrona, o altro).'),
(107, 'Verifica stato di trasduttore, membrana e cavo di collegamento.'),
(108, 'Pulizia del rullo di trascinamento carta e del sensore presenza carta.'),
(109, 'Pulizia della testina di stampa.'),
(110, 'Verifica del corretto funzionamento della meccanica. Pulizia e lubrificazione delle\nparti meccaniche in movimento.'),
(111, 'Verifica del corretto funzionamento dell’elettronica. Pulizia delle schede e dei\n contatti elettrici.'),
(112, 'Verifica dello stato dei connettori e della cavetteria di collegamento.'),
(113, 'Controllo della qualità di stampa in riferimento all’immagine a video.'),
(114, 'Verifica del sistema di impostazione ed indicazione della temperatura'),
(115, 'Verifica del sistema di allarme acustico e/o visivo. con simulazioni di apertura porta.'),
(116, 'Verifica dello stato di maniglie, pistoni, motori, moto riduttori e vite senza fine.'),
(117, 'Verifica stato dei componenti elettronici e delle relative schede.'),
(118, 'Verifica funzionamento degli snodi meccanici e relative leve.'),
(119, 'Verifica sistemi di aggancio e di sgancio dei carrelli e dei piani operatori.'),
(120, 'Verifica corretta funzionalità di tutti i movimenti previsti con tastiera e telecomando'),
(121, 'Verifica funzionamento unità di alimentazione esterna e carica batteria.'),
(122, 'Verifica dell''efficienza del sistema di trascinamento delle buste (ove disponibile)'),
(123, 'Verifica dell''integrità del nastro al teflon ed eventualmente sostituirlo.'),
(124, 'Effettuare alcune saldature su carta bilaminare e verificare che siano resistenti\ned omogenee per tutta la larghezza.'),
(125, 'Verifica dell’integrità del circuito paziente.'),
(126, 'Rilevazione delle eventuali perdite di gas.'),
(127, 'Verifica del corretto funzionamento dei rotametri e/o del sistema di miscelazione gas (gas mixer).'),
(128, 'Verifica delle ore di funzionamento ed eventuale sostituzione del kit periodico di manutenzione secondo indicazioni della casa madre.'),
(129, 'Verifica del valore di volume corrente di gas effettivamente erogato.'),
(130, 'Verifica del rapporto tra INSPIRATO ed ESPIRATO.'),
(131, 'Verifica dei parametri di pressione e di portata.'),
(132, 'Esecuzione delle tarature secondo indicazioni della casa madre.'),
(133, 'Controllo della qualità di registrazione e riproduzione delle immagini.');

-- --------------------------------------------------------

--
-- Struttura della tabella `Tipi`
--

CREATE TABLE IF NOT EXISTS `Tipi` (
  `Civab` varchar(5) COLLATE latin1_general_ci NOT NULL,
  `Descrizione` varchar(50) COLLATE latin1_general_ci DEFAULT NULL,
  PRIMARY KEY (`Civab`)
) ENGINE=InnoDB DEFAULT CHARSET=latin1 COLLATE=latin1_general_ci;

--
-- Dump dei dati per la tabella `Tipi`
--

INSERT INTO `Tipi` (`Civab`, `Descrizione`) VALUES
('ACH', 'ASPIRATORE MEDICO CHIRURGICO'),
('AER', 'AEROSOL, APPARECCHIO PER'),
('ALA', 'AGITATORE DA LABORATORIO'),
('ALF', 'DENTALE A LUCE FREDDA, APPARECCHIO'),
('AMA', 'AMALGAMATORE'),
('ATA', 'ABLATORE TARTARO'),
('AUT', 'AUTOCLAVE'),
('AVP', 'ANALIZZATORE VISIONE PERIFERICA'),
('BAE', 'BILANCIA ANALITICA'),
('BPN', 'BILANCIA PESA NEONATI'),
('BTE', 'BAGNO TERMOSTATICO'),
('BTL', 'BILANCIA TECNICA'),
('BUL', 'LAVAGGIO AD ULTRASUONI, APPARECCHIATURA PER'),
('CAA', 'CAMERA PER AUDIOMETRIA'),
('CBI', 'CAPPA BIOLOGICA'),
('CEM', 'CICLO PER USI FISIOTERAPICI E/O DIAGNOSTICI'),
('CEN', 'CENTRIFUGA'),
('CIR', 'CAPPA ASPIRANTE'),
('CLA', 'CONGELATORE DA LABORATORIO'),
('CLS', 'COLONSCOPIO'),
('CPS', 'COLPOSCOPIO'),
('CRC', 'CRIOCHIRURGIA, APPARECCHIO PER'),
('CRE', 'CENTRIFUGA REFRIGERATA'),
('DAC', 'DERMATOSCOPIO'),
('DEF', 'DEFIBRILLATORE'),
('DIA', 'DIAFANOSCOPIO'),
('DIC', 'DIATERMOCOAGULATORE'),
('DMO', 'TERAPIA A MICROONDE, APPARECCHIO PER'),
('DUL', 'TERAPIA AD ULTRASUONI, APPARECCHIO PER'),
('EAH', 'ELETTROPORAZIONE, APPARECCHIO PER'),
('ECG', 'ELETTROCARDIOGRAFO'),
('ECT', 'ECOTOMOGRAFO'),
('EEG', 'ELETTROENCEFALOGRAFO'),
('ELB', 'ELETTROBISTURI'),
('EMG', 'ELETTROMIOGRAFO'),
('FAC', 'FACOEMULSIFICATORE'),
('FAS', 'FARINGOSCOPIO'),
('FBI', 'FRIGORIFERO BIOLOGICO'),
('FLU', 'FONTE LUMINOSA PER ENDOSCOPIA'),
('FOT', 'FOTOTERAPIA PEDIATRICA, APPARECCHIO PER'),
('FRE', 'FRIGOEMOTECA'),
('IGA', 'INSUFFLATORE DI GAS'),
('INC', 'INCUBATORE'),
('IRR', 'IRRIGATORE'),
('LAI', 'FONTE LUMINOSA GENERICA PER ES: LAMPADE DA VISITA '),
('LFE', 'LAMPADA A FESSURA'),
('LPE', 'LACCIO EMOSTATICO PNEUMATICO'),
('LSC', 'LAMPADA SCIALITICA'),
('MAT', 'MAGNETOTERAPIA, APPARECCHIO PER'),
('MOL', 'MICROSCOPIO OTTICO DA LABORATORIO'),
('MON', 'MONITOR'),
('MRC', 'MORCELLATORE'),
('MST', 'MASTOSUTTORE'),
('MTV', 'MONITOR TELEVISIVO PER BIOIMMAGINI'),
('OFM', 'OFTALMOMETRO'),
('OFS', 'OFTALMOSCOPIO'),
('OOR', 'PULSOSSIMETRO'),
('OPM', 'OPTOMETRO'),
('OZO', 'OZONO TERAPIA, APPARECCHIO PER'),
('PAH', 'PACHIMETRO'),
('PDS', 'PODOSCOPIA, SISTEMA PER'),
('PIN', 'POMPA DI INFUSIONE'),
('PSI', 'POMPA A SIRINGA'),
('PTP', 'PRESSOTERAPIA, APPARECCHIO PER'),
('RCA', 'STAMPANTE REGISTRATORE SU CARTA'),
('RDE', 'RIUNITO DENTISTICO'),
('RHO', 'REGISTRATORE HOLTER ECG'),
('RHP', 'REGISTRATORE HOLTER DELLA PRESSIONE SANGUIGNA'),
('RIU', 'RIUNITO OFTALMOLOGICO'),
('RSA', 'RISCALDATORE SANGUIGNO'),
('RTS', 'RETINOSCOPIO'),
('SAI', 'SEGA PER GESSI'),
('SAP', 'STIMOLATORE PER AGOPUNTURA'),
('SES', 'STUFA ESSICCATRICE'),
('SPM', 'SPIROMETRO A USO CLINICO DIAGNOSTICO'),
('STE', 'SISTEMA TELEVISIVO PER ENDOSCOPIA'),
('TMS', 'TERMOSALDATRICE'),
('TOP', 'TAVOLO OPERATORIO'),
('TVC', 'TELECAMERA'),
('VIR', 'VIDEOREGISTRATORE PER BIOIMMAGINI'),
('VPO', 'VENTILATORE POLMONARE PER USO OSPEDALIERO');

-- --------------------------------------------------------

--
-- Struttura della tabella `Utenti`
--

CREATE TABLE IF NOT EXISTS `Utenti` (
  `Login` char(8) COLLATE latin1_general_ci NOT NULL,
  `Password` char(40) COLLATE latin1_general_ci DEFAULT NULL,
  PRIMARY KEY (`Login`)
) ENGINE=InnoDB DEFAULT CHARSET=latin1 COLLATE=latin1_general_ci;

--
-- Dump dei dati per la tabella `Utenti`
--

INSERT INTO `Utenti` (`Login`, `Password`) VALUES
('admin', 'd033e22ae348aeb5660fc2140aec35850c4da997');

-- --------------------------------------------------------

--
-- Struttura per la vista `Negativi`
--
DROP TABLE IF EXISTS `Negativi`;

CREATE ALGORITHM=UNDEFINED DEFINER=`aruzzant`@`%` SQL SECURITY DEFINER VIEW `Negativi` AS select `rt`.`idRapporto` AS `idRapporto`,`rt`.`Ubicazione` AS `Ubicazione`,`rt`.`Data` AS `Data`,`rt`.`Tipologia` AS `Tipologia`,`rt`.`Note` AS `Note`,`rt`.`idTecnico` AS `idTecnico`,`rt`.`idReferente` AS `idReferente`,`rt`.`idOspedale` AS `idOspedale`,`rt`.`serialeApparecchiatura` AS `serialeApparecchiatura` from ((`Test` `t` join `Contiene` `c` on((`t`.`idTest` = `c`.`idTest`))) join `RapportiTecnici` `rt` on((`c`.`idRapporto` = `rt`.`idRapporto`))) where ((`t`.`Descrizione` = 'Verifica della presenza e della completezza dei dati di targa.') and (`c`.`Esito` = 'NO'));

-- --------------------------------------------------------

--
-- Struttura per la vista `SpeseOspedale`
--
DROP TABLE IF EXISTS `SpeseOspedale`;

CREATE ALGORITHM=UNDEFINED DEFINER=`aruzzant`@`%` SQL SECURITY DEFINER VIEW `SpeseOspedale` AS select `calcoloSpesa`('San Raffaele',150) AS `calcoloSpesa ("San Raffaele",150)`;

--
-- Limiti per le tabelle scaricate
--

--
-- Limiti per la tabella `Apparecchiature`
--
ALTER TABLE `Apparecchiature`
  ADD CONSTRAINT `Apparecchiature_ibfk_1` FOREIGN KEY (`Civab`) REFERENCES `Tipi` (`Civab`) ON DELETE NO ACTION;

--
-- Limiti per la tabella `CompatibileCon`
--
ALTER TABLE `CompatibileCon`
  ADD CONSTRAINT `CompatibileCon_ibfk_1` FOREIGN KEY (`idTest`) REFERENCES `Test` (`idTest`) ON DELETE NO ACTION,
  ADD CONSTRAINT `CompatibileCon_ibfk_2` FOREIGN KEY (`Civab`) REFERENCES `Tipi` (`Civab`) ON DELETE NO ACTION;

--
-- Limiti per la tabella `Contiene`
--
ALTER TABLE `Contiene`
  ADD CONSTRAINT `Contiene_ibfk_1` FOREIGN KEY (`idRapporto`) REFERENCES `RapportiTecnici` (`idRapporto`) ON DELETE NO ACTION,
  ADD CONSTRAINT `Contiene_ibfk_2` FOREIGN KEY (`idTest`) REFERENCES `Test` (`idTest`) ON DELETE NO ACTION;

--
-- Limiti per la tabella `RapportiTecnici`
--
ALTER TABLE `RapportiTecnici`
  ADD CONSTRAINT `RapportiTecnici_ibfk_1` FOREIGN KEY (`idTecnico`) REFERENCES `Tecnici` (`idPersona`) ON DELETE NO ACTION,
  ADD CONSTRAINT `RapportiTecnici_ibfk_2` FOREIGN KEY (`idReferente`) REFERENCES `Referenti` (`idPersona`) ON DELETE NO ACTION,
  ADD CONSTRAINT `RapportiTecnici_ibfk_3` FOREIGN KEY (`idOspedale`) REFERENCES `Ospedali` (`idOspedale`) ON DELETE NO ACTION,
  ADD CONSTRAINT `RapportiTecnici_ibfk_4` FOREIGN KEY (`serialeApparecchiatura`) REFERENCES `Apparecchiature` (`serialeApparecchiatura`) ON DELETE CASCADE;

--
-- Limiti per la tabella `Referenti`
--
ALTER TABLE `Referenti`
  ADD CONSTRAINT `Referenti_ibfk_1` FOREIGN KEY (`idPersona`) REFERENCES `Persone` (`idPersona`) ON DELETE NO ACTION;

--
-- Limiti per la tabella `Tecnici`
--
ALTER TABLE `Tecnici`
  ADD CONSTRAINT `Tecnici_ibfk_1` FOREIGN KEY (`idPersona`) REFERENCES `Persone` (`idPersona`) ON DELETE NO ACTION;
